stream,hyperparameters,date,type,probability,threshold,B,frequency,B_1,B_2,B_3,B_4,B_5,B_6,B_7,B_8,B_9,B_10,B_11,B_12,B_13,B_14,B_15,B_16,B_17,B_18,B_19,B_20,B_21,B_22,B_23,B_24,B_25,B_26,B_27,B_28,B_29,B_30,B_31,B_32,B_33,B_34,B_35,B_36,B_37,B_38,B_39,B_40,B_41,B_42,B_43,B_44,B_45,B_46,B_47,B_48,B_49,B_50,B_51,B_52,m_0,m_1,m_2,m_3,m_4,m_5,m_6,m_7,m_8,m_9,m_10,m_11,m_12,m_13,m_14,m_15,m_16,m_17,m_18,m_19,m_20,m_21,m_22,m_23,m_24,m_25,m_26,m_27,m_28,m_29,m_30,m_31,m_32,m_33,m_34,m_35,m_36,m_37,m_38,m_39,m_40,m_41,m_42,m_43,m_44,m_45,m_46,m_47,m_48,m_49,m_50,m_51,m_52,m_53,m_54,m_55,m_56,m_57,m_58,m_59,m_60,m_61,m_62,m_63,m_64,m_65,m_66,m_67,m_68,m_69,m_70,m_71,m_72,m_73,m_74,m_75,m_76,m_77,m_78,m_79,m_80,m_81,m_82,m_83,m_84,m_85,m_86,m_87,m_88,m_89,m_90,m_91,m_92,m_93,m_94,m_95,m_96,m_97,m_98,m_99,m_100,m_101,m_102,m_103,m_104,m_105,m_106,m_107,m_108,m_109,m_110,m_111,m_112,m_113,m_114,m_115,m_116,m_117,m_118,m_119,m_120,m_121,m_122,m_123,m_124,m_125,m_126,m_127,m_128,m_129,m_130,m_131,m_132,m_133,m_134,m_135,m_136,m_137,m_138,m_139,m_140,m_141,m_142,m_143,m_144,m_145,m_146,m_147,m_148,m_149,m_150,m_151,m_152,m_153,m_154,m_155,m_156,m_157,m_158,m_159,m_160,m_161,m_162,m_163,m_164,m_165,m_166,m_167,m_168,m_169,m_170,m_171,m_172,m_173,m_174,m_175,m_176,m_177,m_178,m_179,m_180,m_181,m_182,m_183,m_184,m_185,m_186,m_187,m_188,m_189,m_190,m_191,m_192,m_193,m_194,m_195,m_196,m_197,m_198,m_199,classifier
LED_abrubt_delay_0_20000,"{'threshold': '0.5', 'train_period': '0', 'classifier': ""<class 'river.naive_bayes.gaussian.GaussianNB'>""}",2023-05-19 02:23:14,delay,,0.5,50,100,0.457825370675453,0.4559244791666667,0.4610817941952506,0.4591145833333333,0.4638174807197943,0.4606951871657754,0.462730870712401,0.4634114583333333,0.4651055408970976,0.4656559405940594,0.4655988857938719,0.4680338541666666,0.4677440633245383,0.4719401041666666,0.4733933161953727,0.4725935828877005,0.4746042216358839,0.476171875,0.4768469656992084,0.4784034653465346,0.4786211699164345,0.4791666666666667,0.4820580474934037,0.4813151041666667,0.4800683371298405,0.4801697530864197,0.4829155672823219,0.4854166666666666,0.4831134564643799,0.4856435643564356,0.4848885793871866,0.4852864583333333,0.4860817941952506,0.4863932291666666,0.4870179948586118,0.4873663101604278,0.4880606860158311,0.4869140625,0.4885883905013192,0.4893564356435643,0.4885097493036212,0.4914713541666666,0.4906332453825857,0.4896484375,0.4910025706940874,0.4935160427807487,0.4902374670184696,0.4952473958333333,0.4931398416886544,0.4921420991459902,0.4683333333333333,0.4915457728864432,0.1123595505617977,0.2,0.35,0.52,0.69,0.56,0.6,0.68,0.74,0.73,0.78,0.7,0.72,0.75,0.65,0.8,0.79,0.71,0.75,0.72,0.78,0.75,0.74,0.69,0.73,0.76,0.7,0.73,0.75,0.7,0.64,0.77,0.73,0.82,0.78,0.78,0.73,0.59,0.4,0.41,0.37,0.35,0.43,0.44,0.44,0.34,0.4,0.42,0.44,0.39,0.41,0.41,0.46,0.47,0.48,0.38,0.38,0.38,0.35,0.38,0.4,0.49,0.4,0.52,0.5,0.52,0.44,0.42,0.44,0.5,0.54,0.52,0.58,0.6,0.49,0.57,0.52,0.56,0.55,0.59,0.57,0.59,0.49,0.54,0.59,0.45,0.61,0.62,0.46,0.54,0.48,0.56,0.52,0.57,0.5,0.57,0.57,0.61,0.49,0.68, 0.47, 0.64, 0.59, 0.54, 0.56, 0.59, 0.59, 0.55, 0.52, 0.5, 0.49, 0.63, 0.49, 0.34, 0.26, 0.36, 0.34, 0.31, 0.28, 0.38, 0.26, 0.41, 0.4, 0.31, 0.39, 0.37, 0.38, 0.35, 0.26, 0.33, 0.28, 0.31, 0.32, 0.31, 0.31, 0.29, 0.36, 0.35, 0.36, 0.28, 0.36, 0.34, 0.32, 0.39, 0.36, 0.35, 0.39, 0.48, 0.46, 0.43, 0.38, 0.34, 0.44, 0.39, 0.39, 0.46, 0.47, 0.43, 0.44, 0.44, 0.43, 0.38, 0.43, 0.41, 0.46, 0.38, 0.44, 0.43, 0.44, 0.43, 0.45, 0.49, 0.45, 0.38, 0.47, 0.36, 0.48, 0.39, 0.43, 0.53, 0.47, 0.58, 0.47, 0.47, 0.47, 0.44, 0.53, 0.44, 0.43, 0.45, 0.47, 0.51, 0.48, 0.53, 0.45, 0.46, 0.43, 0.51, 0.51, 0.58,<class 'river.naive_bayes.gaussian.GaussianNB'>
initail_LED_Drift_abrubt,"{'threshold': '0.5', 'train_period': '0', 'classifier': ""<class 'river.naive_bayes.gaussian.GaussianNB'>""}",2023-05-18 23:11:57,init,,0.5,50,100,0.0,0.0,0.0,0.0,0.0,0.0,0.0,0.0,0.0,0.0,0.0,0.0,0.0,0.0,0.0,0.0,0.0,0.0,0.0,0.0,0.0,0.0,0.0,0.0,0.0,0.0,0.0,0.0,0.0,0.0,0.0,0.0,0.0,0.0,0.0,0.0,0.0,0.0,0.0,0.0,0.0,0.0,0.0,0.0,0.0,0.0,0.0,0.0,0.0,0.0,0.0,0.678473160238131,0.1123595505617977,0.2,0.35,0.52,0.69,0.56,0.6,0.68,0.74,0.73,0.78,0.72,0.73,0.76,0.73,0.83,0.82,0.75,0.76,0.73,0.82,0.77,0.75,0.7,0.74,0.77,0.73,0.77,0.77,0.72,0.7,0.81,0.77,0.81,0.82,0.81,0.74,0.62,0.46,0.48,0.46,0.54,0.57,0.54,0.56,0.56,0.61,0.58,0.61,0.56,0.57,0.56,0.6,0.61,0.64,0.47,0.54,0.57,0.51,0.44,0.52,0.64,0.52,0.61,0.64,0.63,0.57,0.51,0.6,0.6,0.71,0.66,0.66,0.7,0.66,0.72,0.68,0.71,0.64,0.68,0.7,0.57,0.66,0.74,0.8,0.67,0.76,0.8,0.64,0.8,0.65,0.75,0.65,0.76,0.73,0.78,0.78,0.73,0.81,0.8, 0.75, 0.78, 0.76, 0.72, 0.74, 0.83, 0.74, 0.78, 0.78, 0.73, 0.65, 0.8, 0.66, 0.53, 0.49, 0.59, 0.55, 0.63, 0.49, 0.55, 0.55, 0.65, 0.6, 0.62, 0.64, 0.66, 0.65, 0.64, 0.66, 0.6, 0.64, 0.59, 0.65, 0.67, 0.58, 0.64, 0.65, 0.62, 0.63, 0.72, 0.61, 0.62, 0.62, 0.75, 0.64, 0.75, 0.69, 0.79, 0.73, 0.76, 0.69, 0.7, 0.72, 0.66, 0.77, 0.74, 0.73, 0.73, 0.77, 0.77, 0.68, 0.73, 0.76, 0.63, 0.81, 0.69, 0.69, 0.74, 0.79, 0.69, 0.75, 0.74, 0.73, 0.76, 0.72, 0.74, 0.77, 0.69, 0.7, 0.71, 0.85, 0.74, 0.74, 0.74, 0.76, 0.64, 0.75, 0.76, 0.69, 0.77, 0.75, 0.77, 0.72, 0.76, 0.73, 0.74, 0.75, 0.82, 0.78, 0.71,<class 'river.naive_bayes.gaussian.GaussianNB'>
LED_abrubt_constant_delay_lfs_0.1_0_20000,"{'threshold': '0.5', 'train_period': '0', 'classifier': ""<class 'river.naive_bayes.gaussian.GaussianNB'>""}",2023-05-18 23:06:47,lfs,0.1,0.5,50,100,0.0,0.0,0.0,0.0,0.0,0.0,0.0,0.0,0.0,0.0,0.0,0.0,0.0,0.0,0.0,0.0,0.0,0.0,0.0,0.0,0.0,0.0,0.0,0.0,0.0,0.0,0.0,0.0,0.0,0.0,0.0,0.0,0.0,0.0,0.0,0.0,0.0,0.0,0.0,0.0,0.0,0.0,0.0,0.0,0.0,0.0,0.0,0.0,0.0,0.0,0.0,0.6782584581253467,0.0930232558139534,0.15,0.32,0.41,0.64,0.61,0.58,0.68,0.76,0.76,0.79,0.7,0.75,0.73,0.86,0.76,0.8,0.74,0.8,0.77,0.78,0.72,0.77,0.75,0.8,0.74,0.7,0.72,0.8,0.8,0.78,0.82,0.81,0.71,0.5,0.53,0.42,0.61,0.52,0.58,0.56,0.57,0.56,0.62,0.58,0.55,0.57,0.6,0.64,0.58,0.47,0.54,0.61,0.43,0.47,0.66,0.51,0.66,0.61,0.64,0.51,0.61,0.56,0.63,0.72,0.64,0.68,0.64,0.73,0.66,0.72,0.65,0.67,0.6,0.68,0.67,0.82,0.71,0.79,0.71,0.69,0.67,0.73,0.72,0.72,0.71,0.79,0.77,0.8,0.75,0.77,0.73,0.81,0.7,0.71,0.82,0.73,0.77,0.73,0.7, 0.79, 0.69, 0.49, 0.5, 0.55, 0.62, 0.53, 0.55, 0.52, 0.63, 0.61, 0.6, 0.64, 0.68, 0.59, 0.71, 0.65, 0.6, 0.59, 0.61, 0.71, 0.63, 0.61, 0.63, 0.63, 0.68, 0.65, 0.61, 0.64, 0.69, 0.67, 0.72, 0.73, 0.77, 0.75, 0.7, 0.81, 0.68, 0.73, 0.67, 0.72, 0.73, 0.72, 0.76, 0.74, 0.72, 0.69, 0.72, 0.73, 0.7, 0.76, 0.73, 0.8, 0.67, 0.8, 0.69, 0.78, 0.76, 0.73, 0.76, 0.75, 0.68, 0.71, 0.86, 0.74, 0.73, 0.75, 0.77, 0.67, 0.72, 0.7, 0.76, 0.81, 0.74, 0.76, 0.77, 0.71, 0.73, 0.83, 0.76, , , , , , , , , , , , , , , , , , , , ,<class 'river.naive_bayes.gaussian.GaussianNB'>
LED_abrubt_constant_delay_lfs_0.2_0_20000,"{'threshold': '0.5', 'train_period': '0', 'classifier': ""<class 'river.naive_bayes.gaussian.GaussianNB'>""}",2023-05-18 23:32:07,lfs,0.2,0.5,50,100,0.0,0.0,0.0,0.0,0.0,0.0,0.0,0.0,0.0,0.0,0.0,0.0,0.0,0.0,0.0,0.0,0.0,0.0,0.0,0.0,0.0,0.0,0.0,0.0,0.0,0.0,0.0,0.0,0.0,0.0,0.0,0.0,0.0,0.0,0.0,0.0,0.0,0.0,0.0,0.0,0.0,0.0,0.0,0.0,0.0,0.0,0.0,0.0,0.0,0.0,0.0,0.6772211423913725,0.0344827586206896,0.17,0.22,0.37,0.56,0.52,0.68,0.74,0.71,0.77,0.72,0.77,0.79,0.82,0.75,0.73,0.79,0.79,0.71,0.75,0.7,0.76,0.71,0.76,0.69,0.79,0.78,0.83,0.77,0.81,0.62,0.46,0.42,0.57,0.56,0.49,0.59,0.57,0.6,0.6,0.62,0.57,0.59,0.59,0.52,0.53,0.61,0.41,0.55,0.59,0.59,0.66,0.61,0.51,0.57,0.62,0.68,0.63,0.64,0.68,0.75,0.74,0.63,0.7,0.69,0.65,0.71,0.79,0.69,0.77,0.7,0.72,0.65,0.77,0.7,0.73,0.81,0.79,0.82,0.77,0.73,0.81,0.71,0.68,0.85,0.75,0.75,0.74,0.69,0.85,0.54,0.47,0.56,0.58,0.5,0.58,0.55,0.68,0.59,0.63, 0.66, 0.63, 0.67, 0.66, 0.58, 0.67, 0.66, 0.58, 0.61, 0.63, 0.63, 0.67, 0.65, 0.65, 0.67, 0.72, 0.7, 0.76, 0.74, 0.69, 0.75, 0.73, 0.74, 0.71, 0.71, 0.77, 0.74, 0.8, 0.69, 0.71, 0.71, 0.79, 0.7, 0.72, 0.77, 0.76, 0.71, 0.73, 0.73, 0.81, 0.74, 0.71, 0.7, 0.72, 0.81, 0.78, 0.77, 0.71, 0.72, 0.71, 0.68, 0.76, 0.73, 0.74, 0.75, 0.75, 0.71, 0.78, 0.79, 0.75, , , , , , , , , , , , , , , , , , , , , , , , , , , , , , , , , , , , , , , , ,<class 'river.naive_bayes.gaussian.GaussianNB'>
LED_abrubt_constant_delay_lfs_0.5_0_20000,"{'threshold': '0.5', 'train_period': '0', 'classifier': ""<class 'river.naive_bayes.gaussian.GaussianNB'>""}",2023-05-18 23:45:45,lfs,0.5,0.5,50,100,0.0,0.0,0.0,0.0,0.0,0.0,0.0,0.0,0.0,0.0,0.0,0.0,0.0,0.0,0.0,0.0,0.0,0.0,0.0,0.0,0.0,0.0,0.0,0.0,0.0,0.0,0.0,0.0,0.0,0.0,0.0,0.0,0.0,0.0,0.0,0.0,0.0,0.0,0.0,0.0,0.0,0.0,0.0,0.0,0.0,0.0,0.0,0.0,0.0,0.0,0.0,0.6703451043338684,0.0666666666666666,0.12,0.24,0.42,0.54,0.73,0.72,0.74,0.75,0.78,0.78,0.75,0.79,0.73,0.79,0.77,0.76,0.77,0.88,0.82,0.43,0.45,0.51,0.56,0.54,0.59,0.58,0.51,0.56,0.57,0.53,0.56,0.58,0.68,0.61,0.69,0.65,0.67,0.71,0.73,0.66,0.69,0.73,0.7,0.7,0.69,0.69,0.73,0.73,0.73,0.81,0.8,0.7,0.74,0.78,0.66,0.79,0.44,0.54,0.48,0.52,0.55,0.62,0.7,0.63,0.64,0.67,0.63,0.68,0.66,0.62,0.53,0.71,0.73,0.79,0.68,0.71,0.73,0.79,0.74,0.73,0.76,0.74,0.73,0.72,0.74,0.72,0.76,0.79,0.66,0.77,0.74,0.73,0.75,0.67,0.72,0.79,0.72,0.72,0.71, , , , , , , , , , , , , , , , , , , , , , , , , , , , , , , , , , , , , , , , , , , , , , , , , , , , , , , , , , , , , , , , , , , , , , , , , , , , , , , , , , , , , , , , , , , , , , , , , , , , ,<class 'river.naive_bayes.gaussian.GaussianNB'>
LED_abrubt_constant_delay_ssl_0.1_0_20000,"{'threshold': '0.5', 'train_period': '0', 'classifier': ""<class 'river.naive_bayes.gaussian.GaussianNB'>""}",2023-05-19 09:48:05,ssl,0.1,0.5,50,100,0.4145193730788205,0.4109774436090225,0.4103637193730026,0.4143642249491832,0.4125998225377107,0.4122881683819546,0.4160550458715596,0.4113810166441745,0.4147272033574971,0.4188373908723117,0.414513245571266,0.4211354104254044,0.4202367315769377,0.4200634057971014,0.4221665068947717,0.4217723866182492,0.424858584314325,0.4245042067307692,0.4269972451790633,0.4279438855037551,0.4292204104810578,0.4269216347956505,0.4314414483232755,0.4311988589445237,0.4333182785986192,0.4330643682376673,0.4337422845385963,0.434720445481225,0.4325188399177894,0.4350971769045255,0.4341732155877825,0.4355495251017639,0.435641299374714,0.4360692771084337,0.4370107812730763,0.4351180373399166,0.4373180076628352,0.4369216881065222,0.4397141553899954,0.4373801236058819,0.4404935866212047,0.4374953018116214,0.4361491628614916,0.4412562132851333,0.4405413400384558,0.4380657640232108,0.4424914023691249,0.439055472263868,0.4413829949626011,0.44008078994614,0.4709897610921502,0.4405745660251788,0.0465116279069767,0.11,0.28,0.36,0.6,0.57,0.55,0.6,0.7,0.66,0.73,0.67,0.6,0.59,0.72,0.64,0.64,0.68,0.66,0.7,0.7,0.62,0.63,0.69,0.73,0.63,0.64,0.58,0.69,0.67,0.68,0.67,0.65,0.63,0.46,0.49,0.43,0.43,0.39,0.5,0.48,0.45,0.41,0.49,0.47,0.39,0.52,0.51,0.52,0.52,0.43,0.47,0.52,0.41,0.41,0.45,0.42,0.58,0.52,0.52,0.49,0.47,0.41,0.48,0.46,0.42,0.47,0.42,0.5,0.49,0.51,0.51,0.48,0.46,0.52,0.41,0.53,0.51,0.53,0.41,0.43,0.39,0.52,0.58,0.52,0.41,0.56,0.55,0.52,0.44,0.48,0.48,0.62,0.44,0.49,0.5,0.55,0.44,0.49,0.42, 0.56, 0.43, 0.35, 0.27, 0.38, 0.34, 0.25, 0.3, 0.29, 0.36, 0.41, 0.24, 0.3, 0.36, 0.26, 0.22, 0.33, 0.28, 0.28, 0.32, 0.32, 0.33, 0.23, 0.27, 0.37, 0.27, 0.3, 0.3, 0.31, 0.28, 0.37, 0.24, 0.36, 0.34, 0.37, 0.33, 0.32, 0.3, 0.42, 0.3, 0.37, 0.35, 0.39, 0.3, 0.3, 0.37, 0.34, 0.37, 0.31, 0.32, 0.41, 0.3, 0.42, 0.33, 0.42, 0.43, 0.36, 0.27, 0.33, 0.36, 0.35, 0.31, 0.32, 0.34, 0.39, 0.29, 0.42, 0.33, 0.49, 0.33, 0.38, 0.31, 0.38, 0.39, 0.46, 0.39, 0.38, 0.33, 0.35, 0.38, , , , , , , , , , , , , , , , , , , , ,<class 'river.naive_bayes.gaussian.GaussianNB'>
LED_abrubt_constant_delay_ssl_0.2_0_20000,"{'threshold': '0.5', 'train_period': '0', 'classifier': ""<class 'river.naive_bayes.gaussian.GaussianNB'>""}",2023-05-19 14:02:45,ssl,0.2,0.5,50,100,0.3625868133850455,0.3584401709401709,0.3609977324263038,0.3608908685968819,0.3583931384561526,0.3643825509545328,0.3587460245343026,0.3619953761337364,0.357855587808418,0.3615678458727786,0.3613749877582998,0.3650694691841824,0.3607669349733201,0.3623149634385589,0.3658792650918635,0.3637872222734397,0.364850136239782,0.3658297720797721,0.3656479550194976,0.3687624750499002,0.3700186037403309,0.369084613335701,0.3726770011784969,0.3701880035810206,0.3718205413422321,0.3751976507793088,0.3727148703956344,0.3756023558807781,0.3741883116883117,0.3743342210386152,0.3781430388416006,0.3750223174433137,0.3774079768472461,0.3782744747429593,0.3776887572933902,0.3809523809523809,0.3788386629223662,0.3789173789173789,0.3839681534425043,0.3814716164474779,0.3838265455610899,0.3803911063487811,0.3846084364556047,0.3816636851520572,0.387838661904347,0.3822984244670991,0.3856108597285068,0.3852678571428571,0.3854571764493081,0.3838724026180339,0.3819672131147541,0.3835736677115987,0.0344827586206896,0.06,0.15,0.36,0.55,0.46,0.61,0.62,0.54,0.66,0.65,0.67,0.55,0.67,0.63,0.61,0.68,0.67,0.61,0.56,0.58,0.63,0.61,0.61,0.55,0.61,0.63,0.61,0.58,0.59,0.47,0.4,0.33,0.33,0.39,0.4,0.38,0.29,0.38,0.38,0.36,0.33,0.41,0.38,0.33,0.35,0.41,0.33,0.39,0.4,0.36,0.44,0.46,0.41,0.35,0.47,0.36,0.46,0.37,0.42,0.45,0.44,0.4,0.49,0.43,0.45,0.33,0.47,0.45,0.5,0.38,0.38,0.3,0.48,0.41,0.43,0.47,0.49,0.4,0.52,0.36,0.5,0.41,0.38,0.49,0.45,0.43,0.39,0.38,0.53,0.28,0.16,0.26,0.25,0.19,0.25,0.14,0.31,0.23,0.24, 0.26, 0.24, 0.24, 0.3, 0.22, 0.28, 0.26, 0.2, 0.22, 0.19, 0.29, 0.26, 0.3, 0.26, 0.21, 0.24, 0.21, 0.32, 0.26, 0.23, 0.28, 0.26, 0.3, 0.23, 0.32, 0.34, 0.36, 0.31, 0.27, 0.27, 0.36, 0.3, 0.26, 0.3, 0.31, 0.29, 0.31, 0.38, 0.28, 0.3, 0.27, 0.36, 0.33, 0.37, 0.34, 0.4, 0.34, 0.32, 0.37, 0.37, 0.27, 0.34, 0.29, 0.38, 0.39, 0.36, 0.33, 0.3, 0.3, 0.48, , , , , , , , , , , , , , , , , , , , , , , , , , , , , , , , , , , , , , , , ,<class 'river.naive_bayes.gaussian.GaussianNB'>
LED_abrubt_constant_delay_ssl_0.5_0_20000,"{'threshold': '0.5', 'train_period': '0', 'classifier': ""<class 'river.naive_bayes.gaussian.GaussianNB'>""}",2023-05-19 17:58:07,ssl,0.5,0.5,50,100,0.3601289314319203,0.3541944074567243,0.3488694962316541,0.3546910755148741,0.3548623853211009,0.3569224439415758,0.3527656187823318,0.3557454890788224,0.349464498214994,0.3627822647107301,0.3542642924086223,0.3572930606002676,0.3572846367606193,0.3575653501240221,0.3590071180872421,0.358165594521685,0.3598177134931642,0.3564788465186871,0.3644859813084112,0.3629165291982844,0.3651844843897824,0.3607142857142857,0.3660392470965158,0.3640850417615793,0.3622738320280853,0.3664228491814699,0.3637440758293839,0.3695652173913043,0.3653244722439406,0.3727438317602252,0.3650905669254293,0.3739728645136633,0.3670811130846654,0.3707865168539326,0.3721617131253461,0.3736939151813153,0.3754218781020448,0.3758107592521938,0.3751740600755918,0.3795032077644349,0.3808740601503759,0.3730461303850553,0.3762102351313969,0.3772466539196941,0.3808389814984429,0.3790189612530915,0.3783730158730158,0.3772398017537171,0.3815555115772808,0.3795926721932248,0.3894736842105263,0.3794763767679807,0.2,0.12,0.21,0.33,0.42,0.57,0.62,0.58,0.63,0.58,0.61,0.62,0.6,0.61,0.62,0.6,0.6,0.6,0.65,0.58,0.34,0.37,0.41,0.34,0.29,0.32,0.39,0.33,0.32,0.39,0.38,0.43,0.4,0.46,0.31,0.42,0.44,0.38,0.44,0.47,0.38,0.49,0.42,0.32,0.48,0.38,0.34,0.41,0.44,0.39,0.45,0.43,0.41,0.46,0.43,0.42,0.5,0.31,0.28,0.2,0.26,0.32,0.22,0.31,0.26,0.24,0.28,0.21,0.29,0.31,0.26,0.23,0.25,0.26,0.31,0.3,0.31,0.19,0.3,0.37,0.27,0.34,0.21,0.29,0.25,0.3,0.3,0.35,0.34,0.28,0.37,0.36,0.31,0.35,0.26,0.3,0.44,0.35,0.37,0.33, , , , , , , , , , , , , , , , , , , , , , , , , , , , , , , , , , , , , , , , , , , , , , , , , , , , , , , , , , , , , , , , , , , , , , , , , , , , , , , , , , , , , , , , , , , , , , , , , , , , ,<class 'river.naive_bayes.gaussian.GaussianNB'>
LED_abrubt_delay_0_20000,"{'threshold': '0.7', 'train_period': '0', 'classifier': ""<class 'river.naive_bayes.gaussian.GaussianNB'>""}",2023-05-19 02:12:07,delay,,0.7,50,100,0.477495881383855,0.4759765625,0.4800791556728232,0.4796223958333333,0.4832904884318766,0.4810828877005347,0.4822559366754617,0.48359375,0.4853562005277045,0.4853341584158416,0.4853760445682451,0.4891927083333333,0.487467018469657,0.4913411458333333,0.4935089974293059,0.492379679144385,0.4945910290237467,0.4961588541666666,0.4965699208443271,0.4990717821782178,0.4987465181058496,0.4993489583333333,0.5023087071240105,0.5024088541666667,0.500740318906606,0.4996141975308642,0.5038918205804749,0.5052083333333334,0.5031002638522427,0.506559405940594,0.5053621169916435,0.5059244791666667,0.5065963060686016,0.5067057291666667,0.5077763496143959,0.5078208556149733,0.50811345646438,0.506640625,0.5099604221635884,0.5100866336633664,0.5083565459610028,0.5124348958333333,0.5118733509234829,0.5098307291666667,0.5127892030848329,0.5137700534759359,0.5116754617414248,0.5158854166666667,0.5142480211081795,0.5130628126737076,0.4933333333333333,0.512456228114057,0.1123595505617977,0.2,0.35,0.52,0.69,0.56,0.6,0.68,0.74,0.73,0.78,0.7,0.72,0.75,0.64,0.8,0.79,0.72,0.76,0.71,0.78,0.75,0.74,0.69,0.72,0.75,0.73,0.74,0.74,0.69,0.65,0.77,0.74,0.82,0.79,0.79,0.75,0.6,0.4,0.41,0.36,0.35,0.43,0.44,0.44,0.34,0.4,0.43,0.45,0.39,0.42,0.4,0.46,0.5,0.5,0.38,0.39,0.39,0.38,0.38,0.43,0.52,0.47,0.55,0.53,0.54,0.47,0.46,0.47,0.51,0.56,0.53,0.6,0.59,0.49,0.58,0.51,0.55,0.6,0.6,0.59,0.54,0.49,0.55,0.6,0.47,0.62,0.64,0.48,0.54,0.47,0.56,0.51,0.55,0.51,0.58,0.56,0.61,0.5,0.64, 0.46, 0.65, 0.59, 0.55, 0.59, 0.61, 0.6, 0.58, 0.56, 0.51, 0.47, 0.66, 0.52, 0.37, 0.28, 0.38, 0.36, 0.32, 0.28, 0.39, 0.28, 0.45, 0.42, 0.3, 0.41, 0.39, 0.38, 0.39, 0.28, 0.37, 0.31, 0.36, 0.38, 0.37, 0.3, 0.32, 0.39, 0.36, 0.35, 0.35, 0.4, 0.35, 0.38, 0.43, 0.39, 0.41, 0.46, 0.52, 0.49, 0.48, 0.4, 0.42, 0.46, 0.43, 0.49, 0.47, 0.49, 0.46, 0.48, 0.49, 0.48, 0.48, 0.51, 0.47, 0.52, 0.45, 0.55, 0.43, 0.53, 0.48, 0.51, 0.56, 0.48, 0.46, 0.53, 0.43, 0.54, 0.48, 0.46, 0.58, 0.53, 0.61, 0.54, 0.48, 0.51, 0.46, 0.54, 0.5, 0.44, 0.49, 0.53, 0.56, 0.54, 0.56, 0.51, 0.46, 0.44, 0.5, 0.55, 0.58,<class 'river.naive_bayes.gaussian.GaussianNB'>
initail_LED_Drift_abrubt,"{'threshold': '0.7', 'train_period': '0', 'classifier': ""<class 'river.naive_bayes.gaussian.GaussianNB'>""}",2023-05-18 23:11:31,init,,0.7,50,100,0.0,0.0,0.0,0.0,0.0,0.0,0.0,0.0,0.0,0.0,0.0,0.0,0.0,0.0,0.0,0.0,0.0,0.0,0.0,0.0,0.0,0.0,0.0,0.0,0.0,0.0,0.0,0.0,0.0,0.0,0.0,0.0,0.0,0.0,0.0,0.0,0.0,0.0,0.0,0.0,0.0,0.0,0.0,0.0,0.0,0.0,0.0,0.0,0.0,0.0,0.0,0.678473160238131,0.1123595505617977,0.2,0.35,0.52,0.69,0.56,0.6,0.68,0.74,0.73,0.78,0.72,0.73,0.76,0.73,0.83,0.82,0.75,0.76,0.73,0.82,0.77,0.75,0.7,0.74,0.77,0.73,0.77,0.77,0.72,0.7,0.81,0.77,0.81,0.82,0.81,0.74,0.62,0.46,0.48,0.46,0.54,0.57,0.54,0.56,0.56,0.61,0.58,0.61,0.56,0.57,0.56,0.6,0.61,0.64,0.47,0.54,0.57,0.51,0.44,0.52,0.64,0.52,0.61,0.64,0.63,0.57,0.51,0.6,0.6,0.71,0.66,0.66,0.7,0.66,0.72,0.68,0.71,0.64,0.68,0.7,0.57,0.66,0.74,0.8,0.67,0.76,0.8,0.64,0.8,0.65,0.75,0.65,0.76,0.73,0.78,0.78,0.73,0.81,0.8, 0.75, 0.78, 0.76, 0.72, 0.74, 0.83, 0.74, 0.78, 0.78, 0.73, 0.65, 0.8, 0.66, 0.53, 0.49, 0.59, 0.55, 0.63, 0.49, 0.55, 0.55, 0.65, 0.6, 0.62, 0.64, 0.66, 0.65, 0.64, 0.66, 0.6, 0.64, 0.59, 0.65, 0.67, 0.58, 0.64, 0.65, 0.62, 0.63, 0.72, 0.61, 0.62, 0.62, 0.75, 0.64, 0.75, 0.69, 0.79, 0.73, 0.76, 0.69, 0.7, 0.72, 0.66, 0.77, 0.74, 0.73, 0.73, 0.77, 0.77, 0.68, 0.73, 0.76, 0.63, 0.81, 0.69, 0.69, 0.74, 0.79, 0.69, 0.75, 0.74, 0.73, 0.76, 0.72, 0.74, 0.77, 0.69, 0.7, 0.71, 0.85, 0.74, 0.74, 0.74, 0.76, 0.64, 0.75, 0.76, 0.69, 0.77, 0.75, 0.77, 0.72, 0.76, 0.73, 0.74, 0.75, 0.82, 0.78, 0.71,<class 'river.naive_bayes.gaussian.GaussianNB'>
LED_abrubt_constant_delay_lfs_0.1_0_20000,"{'threshold': '0.7', 'train_period': '0', 'classifier': ""<class 'river.naive_bayes.gaussian.GaussianNB'>""}",2023-05-18 23:06:21,lfs,0.1,0.7,50,100,0.0,0.0,0.0,0.0,0.0,0.0,0.0,0.0,0.0,0.0,0.0,0.0,0.0,0.0,0.0,0.0,0.0,0.0,0.0,0.0,0.0,0.0,0.0,0.0,0.0,0.0,0.0,0.0,0.0,0.0,0.0,0.0,0.0,0.0,0.0,0.0,0.0,0.0,0.0,0.0,0.0,0.0,0.0,0.0,0.0,0.0,0.0,0.0,0.0,0.0,0.0,0.6782584581253467,0.1071428571428571,0.2,0.35,0.54,0.62,0.59,0.61,0.74,0.73,0.8,0.73,0.76,0.73,0.77,0.84,0.76,0.79,0.73,0.81,0.77,0.75,0.75,0.77,0.75,0.77,0.78,0.71,0.76,0.78,0.78,0.77,0.81,0.84,0.6,0.46,0.52,0.48,0.58,0.57,0.52,0.56,0.6,0.58,0.64,0.53,0.57,0.57,0.59,0.65,0.48,0.55,0.58,0.51,0.43,0.57,0.62,0.6,0.62,0.58,0.6,0.54,0.61,0.57,0.72,0.63,0.68,0.67,0.64,0.74,0.67,0.68,0.66,0.68,0.62,0.62,0.76,0.78,0.72,0.79,0.68,0.76,0.64,0.72,0.73,0.75,0.68,0.78,0.78,0.79,0.78,0.75,0.79,0.69,0.75,0.74,0.76,0.82,0.74,0.73,0.65, 0.85, 0.57, 0.47, 0.49, 0.59, 0.61, 0.52, 0.58, 0.54, 0.66, 0.54, 0.68, 0.64, 0.64, 0.65, 0.65, 0.64, 0.61, 0.57, 0.68, 0.69, 0.58, 0.66, 0.58, 0.64, 0.72, 0.62, 0.61, 0.62, 0.75, 0.64, 0.78, 0.76, 0.73, 0.75, 0.73, 0.73, 0.73, 0.68, 0.7, 0.77, 0.68, 0.71, 0.8, 0.69, 0.72, 0.74, 0.66, 0.81, 0.68, 0.74, 0.76, 0.78, 0.7, 0.75, 0.74, 0.74, 0.73, 0.78, 0.74, 0.7, 0.73, 0.73, 0.82, 0.77, 0.74, 0.74, 0.7, 0.71, 0.75, 0.7, 0.78, 0.76, 0.78, 0.74, 0.76, 0.72, 0.77, 0.81, 0.71, , , , , , , , , , , , , , , , , , , , ,<class 'river.naive_bayes.gaussian.GaussianNB'>
LED_abrubt_constant_delay_lfs_0.2_0_20000,"{'threshold': '0.7', 'train_period': '0', 'classifier': ""<class 'river.naive_bayes.gaussian.GaussianNB'>""}",2023-05-18 23:31:28,lfs,0.2,0.7,50,100,0.0,0.0,0.0,0.0,0.0,0.0,0.0,0.0,0.0,0.0,0.0,0.0,0.0,0.0,0.0,0.0,0.0,0.0,0.0,0.0,0.0,0.0,0.0,0.0,0.0,0.0,0.0,0.0,0.0,0.0,0.0,0.0,0.0,0.0,0.0,0.0,0.0,0.0,0.0,0.0,0.0,0.0,0.0,0.0,0.0,0.0,0.0,0.0,0.0,0.0,0.0,0.6772211423913725,0.1235955056179775,0.23,0.25,0.51,0.54,0.6,0.71,0.74,0.8,0.65,0.82,0.74,0.81,0.78,0.74,0.76,0.81,0.73,0.74,0.7,0.73,0.78,0.73,0.72,0.75,0.75,0.82,0.82,0.81,0.72,0.47,0.4,0.55,0.55,0.51,0.55,0.55,0.64,0.57,0.62,0.61,0.56,0.58,0.54,0.57,0.59,0.5,0.44,0.62,0.61,0.6,0.57,0.61,0.55,0.58,0.64,0.67,0.62,0.7,0.67,0.77,0.72,0.62,0.7,0.66,0.68,0.79,0.69,0.76,0.73,0.75,0.65,0.73,0.7,0.77,0.72,0.84,0.8,0.79,0.72,0.8,0.75,0.69,0.78,0.75,0.79,0.72,0.7,0.82,0.65,0.49,0.5,0.59,0.55,0.56,0.52,0.68,0.59,0.63,0.65, 0.65, 0.64, 0.68, 0.63, 0.62, 0.66, 0.62, 0.57, 0.68, 0.6, 0.63, 0.66, 0.66, 0.6, 0.75, 0.67, 0.78, 0.76, 0.71, 0.71, 0.74, 0.72, 0.73, 0.69, 0.82, 0.73, 0.77, 0.69, 0.73, 0.72, 0.72, 0.74, 0.71, 0.76, 0.82, 0.67, 0.73, 0.76, 0.74, 0.78, 0.71, 0.73, 0.71, 0.73, 0.81, 0.82, 0.71, 0.76, 0.68, 0.71, 0.68, 0.75, 0.75, 0.7, 0.81, 0.7, 0.76, 0.8, 0.75, , , , , , , , , , , , , , , , , , , , , , , , , , , , , , , , , , , , , , , , , ,<class 'river.naive_bayes.gaussian.GaussianNB'>
LED_abrubt_constant_delay_lfs_0.5_0_20000,"{'threshold': '0.7', 'train_period': '0', 'classifier': ""<class 'river.naive_bayes.gaussian.GaussianNB'>""}",2023-05-18 23:45:20,lfs,0.5,0.7,50,100,0.0,0.0,0.0,0.0,0.0,0.0,0.0,0.0,0.0,0.0,0.0,0.0,0.0,0.0,0.0,0.0,0.0,0.0,0.0,0.0,0.0,0.0,0.0,0.0,0.0,0.0,0.0,0.0,0.0,0.0,0.0,0.0,0.0,0.0,0.0,0.0,0.0,0.0,0.0,0.0,0.0,0.0,0.0,0.0,0.0,0.0,0.0,0.0,0.0,0.0,0.0,0.6703451043338684,0.0,0.1063829787234042,0.17,0.41,0.53,0.72,0.69,0.73,0.76,0.79,0.76,0.76,0.8,0.77,0.72,0.81,0.73,0.78,0.85,0.84,0.51,0.4,0.54,0.52,0.54,0.64,0.56,0.5,0.6,0.51,0.6,0.48,0.59,0.67,0.62,0.67,0.69,0.63,0.69,0.77,0.68,0.68,0.71,0.73,0.71,0.69,0.63,0.75,0.72,0.75,0.81,0.78,0.73,0.76,0.71,0.7,0.81,0.48,0.51,0.53,0.49,0.52,0.63,0.67,0.62,0.65,0.63,0.66,0.71,0.66,0.6,0.56,0.7,0.71,0.77,0.69,0.73,0.72,0.76,0.76,0.74,0.74,0.78,0.7,0.75,0.69,0.76,0.74,0.8,0.68,0.77,0.72,0.71,0.74,0.7,0.73,0.75,0.74,0.73,0.71, , , , , , , , , , , , , , , , , , , , , , , , , , , , , , , , , , , , , , , , , , , , , , , , , , , , , , , , , , , , , , , , , , , , , , , , , , , , , , , , , , , , , , , , , , , , , , , , , , , , ,<class 'river.naive_bayes.gaussian.GaussianNB'>
LED_abrubt_constant_delay_ssl_0.1_0_20000,"{'threshold': '0.7', 'train_period': '0', 'classifier': ""<class 'river.naive_bayes.gaussian.GaussianNB'>""}",2023-05-19 09:15:59,ssl,0.1,0.7,50,100,0.4239790496432367,0.418440249680379,0.4182951866778192,0.4196785633441485,0.4207492795389049,0.4191973969631236,0.4227095591044548,0.4193911217756448,0.4230035847761422,0.4281666194389345,0.4229986155224366,0.4286680697534576,0.4307575180814617,0.4283776655866174,0.4316605166051661,0.430530802014723,0.4337303405100015,0.4352490996398559,0.4351005484460695,0.4383172256964184,0.4387547752580671,0.437068706870687,0.4408987052551409,0.440946068092799,0.4426314092228313,0.4437322589506455,0.4439773769489453,0.4467797627983786,0.4431506849315068,0.447886323268206,0.4466666666666666,0.4469219219219219,0.448309987819732,0.4487584650112867,0.4489115948467347,0.4491466522511391,0.4488875296276474,0.453140241614767,0.4518761439902379,0.4526368230019216,0.4547958522359041,0.4532812147635872,0.4511564211807669,0.4565855862640259,0.4549559552890665,0.4557686359418497,0.456396906821836,0.4562692048265008,0.4572300648607402,0.4538573671226732,0.472027972027972,0.4537185957517609,0.0595238095238095,0.18,0.28,0.5,0.61,0.52,0.56,0.65,0.69,0.7,0.64,0.66,0.6,0.6,0.73,0.63,0.69,0.66,0.66,0.65,0.69,0.63,0.61,0.67,0.71,0.69,0.63,0.63,0.62,0.63,0.66,0.65,0.67,0.52,0.4,0.4,0.4,0.38,0.43,0.41,0.41,0.44,0.37,0.52,0.38,0.45,0.42,0.49,0.51,0.39,0.46,0.51,0.44,0.39,0.45,0.45,0.48,0.53,0.49,0.56,0.47,0.47,0.49,0.52,0.43,0.48,0.45,0.42,0.56,0.49,0.49,0.52,0.49,0.48,0.48,0.44,0.53,0.5,0.5,0.42,0.48,0.44,0.5,0.52,0.53,0.46,0.47,0.6,0.46,0.52,0.47,0.61,0.44,0.49,0.48,0.52,0.56,0.42,0.46,0.5, 0.56, 0.44, 0.24, 0.28, 0.4, 0.33, 0.22, 0.36, 0.25, 0.37, 0.35, 0.25, 0.36, 0.35, 0.25, 0.28, 0.31, 0.28, 0.26, 0.34, 0.34, 0.25, 0.3, 0.33, 0.3, 0.36, 0.32, 0.29, 0.28, 0.38, 0.28, 0.4, 0.39, 0.4, 0.33, 0.36, 0.38, 0.39, 0.4, 0.37, 0.42, 0.36, 0.34, 0.35, 0.34, 0.32, 0.38, 0.38, 0.42, 0.38, 0.44, 0.33, 0.46, 0.38, 0.5, 0.4, 0.38, 0.41, 0.36, 0.47, 0.37, 0.44, 0.39, 0.43, 0.52, 0.43, 0.45, 0.42, 0.48, 0.41, 0.44, 0.39, 0.46, 0.49, 0.49, 0.53, 0.44, 0.4, 0.45, 0.55, , , , , , , , , , , , , , , , , , , , ,<class 'river.naive_bayes.gaussian.GaussianNB'>
LED_abrubt_constant_delay_ssl_0.2_0_20000,"{'threshold': '0.7', 'train_period': '0', 'classifier': ""<class 'river.naive_bayes.gaussian.GaussianNB'>""}",2023-05-19 13:12:26,ssl,0.2,0.7,50,100,0.4226571660503292,0.4176460113960114,0.419501133786848,0.4208463251670378,0.4178190092770873,0.4235912570321866,0.4220808723307587,0.420149386448515,0.4210812772133527,0.42152466367713,0.4231710900009793,0.425543284645529,0.4230804015555756,0.42402354200107,0.4268591426071741,0.4263851756245966,0.4254314259763851,0.4285078347578347,0.4279495783077899,0.4311377245508982,0.4318026045236463,0.4323004528100861,0.4327803462967999,0.4340196956132497,0.4350760103819058,0.4394623898802801,0.4371987266939518,0.4361056576833839,0.4377705627705627,0.4387483355525965,0.4407592212112318,0.4389394750937332,0.4426155376684453,0.4413053196244971,0.4430897848994165,0.4451547155827311,0.4437901983875351,0.4440883190883191,0.4482945806568352,0.4475611786249375,0.4472116417618908,0.4487007768550763,0.4487399512239183,0.4513416815742397,0.4532624793100444,0.4486561631139944,0.453393665158371,0.4530357142857142,0.45328751017455,0.4507847747347016,0.4508196721311475,0.4507210031347962,0.0337078651685393,0.12,0.25,0.53,0.49,0.54,0.64,0.64,0.73,0.62,0.78,0.58,0.75,0.66,0.64,0.67,0.73,0.61,0.69,0.58,0.67,0.72,0.67,0.57,0.65,0.7,0.71,0.71,0.66,0.62,0.36,0.35,0.35,0.43,0.43,0.37,0.4,0.47,0.46,0.47,0.41,0.46,0.45,0.4,0.45,0.45,0.42,0.41,0.5,0.44,0.48,0.48,0.52,0.4,0.45,0.52,0.51,0.49,0.5,0.53,0.57,0.55,0.47,0.56,0.54,0.47,0.6,0.52,0.57,0.53,0.53,0.44,0.54,0.49,0.55,0.56,0.58,0.62,0.51,0.53,0.64,0.51,0.52,0.55,0.59,0.55,0.5,0.48,0.61,0.48,0.21,0.24,0.27,0.23,0.28,0.28,0.34,0.32,0.29,0.32, 0.22, 0.29, 0.29, 0.27, 0.22, 0.34, 0.24, 0.19, 0.31, 0.31, 0.31, 0.22, 0.3, 0.25, 0.33, 0.23, 0.39, 0.36, 0.35, 0.33, 0.28, 0.32, 0.39, 0.35, 0.39, 0.36, 0.38, 0.34, 0.37, 0.38, 0.34, 0.36, 0.39, 0.41, 0.43, 0.33, 0.42, 0.45, 0.36, 0.43, 0.35, 0.42, 0.38, 0.41, 0.43, 0.43, 0.39, 0.43, 0.42, 0.41, 0.46, 0.33, 0.45, 0.44, 0.53, 0.42, 0.43, 0.36, 0.57, , , , , , , , , , , , , , , , , , , , , , , , , , , , , , , , , , , , , , , , , ,<class 'river.naive_bayes.gaussian.GaussianNB'>
LED_abrubt_constant_delay_ssl_0.5_0_20000,"{'threshold': '0.7', 'train_period': '0', 'classifier': ""<class 'river.naive_bayes.gaussian.GaussianNB'>""}",2023-05-19 16:50:34,ssl,0.5,0.7,50,100,0.3524422345715121,0.3468494193794022,0.3413090765275855,0.3461464907248039,0.3478818998716303,0.3511403328539141,0.3430845771144278,0.3523809523809524,0.3428063943161634,0.352278376139188,0.3485204321277595,0.3517110266159696,0.3523449920508744,0.3477181592514798,0.3557341124908692,0.3507602582795251,0.3569169960474308,0.3515197281480083,0.3590927338418306,0.3546157643574132,0.3579292574373389,0.3581749049429658,0.3625847626645393,0.3608266970041714,0.3594003241491086,0.3525931082492168,0.3625984251968503,0.3644393241167434,0.3647848401105408,0.3655807831523527,0.3601218369259606,0.3693972179289026,0.3625318440133255,0.3688618195660449,0.3690828402366864,0.3694803861162456,0.3682331945270672,0.3700727133562954,0.3712988551125148,0.3728366573265205,0.3760056791292002,0.3666603307356016,0.3771756329113924,0.3709522897106725,0.3786993058092802,0.372472141972761,0.3751737835153922,0.370976956770139,0.3789286420241154,0.3735937819595009,0.3387096774193548,0.3727555421807603,0.0,0.1063829787234042,0.18,0.3,0.34,0.6,0.57,0.58,0.67,0.56,0.56,0.64,0.56,0.59,0.57,0.65,0.52,0.64,0.62,0.56,0.38,0.32,0.39,0.34,0.3,0.35,0.36,0.3,0.36,0.29,0.44,0.3,0.4,0.45,0.4,0.36,0.53,0.32,0.41,0.5,0.4,0.44,0.44,0.33,0.48,0.4,0.34,0.37,0.39,0.47,0.38,0.42,0.42,0.46,0.42,0.44,0.56,0.3,0.29,0.19,0.25,0.29,0.25,0.3,0.31,0.26,0.25,0.21,0.3,0.3,0.23,0.22,0.25,0.27,0.28,0.29,0.35,0.19,0.31,0.31,0.31,0.26,0.25,0.29,0.31,0.3,0.29,0.32,0.33,0.28,0.35,0.34,0.31,0.33,0.23,0.28,0.36,0.36,0.35,0.32, , , , , , , , , , , , , , , , , , , , , , , , , , , , , , , , , , , , , , , , , , , , , , , , , , , , , , , , , , , , , , , , , , , , , , , , , , , , , , , , , , , , , , , , , , , , , , , , , , , , ,<class 'river.naive_bayes.gaussian.GaussianNB'>
LED_abrubt_delay_0_20000,"{'threshold': '0.8', 'train_period': '0', 'classifier': ""<class 'river.naive_bayes.gaussian.GaussianNB'>""}",2023-04-19 19:30:18,delay,,0.8,50,100,0.4796046128500824,0.4795572916666666,0.4825197889182058,0.4789713541666666,0.483611825192802,0.4829545454545454,0.4806068601583113,0.4838541666666666,0.4857519788918206,0.4833539603960396,0.4853064066852368,0.4893229166666666,0.4870712401055408,0.4895833333333333,0.4945372750642673,0.4907754010695187,0.4956464379947229,0.4964192708333333,0.496108179419525,0.4973391089108911,0.5010445682451253,0.4995442708333333,0.5029023746701847,0.5051432291666667,0.5004555808656036,0.5024691358024691,0.5085092348284961,0.5077473958333333,0.5067282321899736,0.510519801980198,0.5092618384401114,0.509375,0.5106860158311346,0.5112630208333333,0.5106683804627249,0.5143716577540107,0.512796833773087,0.5121744791666667,0.5160949868073879,0.5152846534653466,0.5134401114206129,0.5192057291666666,0.5182058047493404,0.5162109375,0.519987146529563,0.520187165775401,0.5183377308707124,0.5229166666666667,0.5216358839050131,0.5177867609903992,0.5366666666666666,0.5174587293646823,0.09,0.14,0.31,0.39,0.59,0.54,0.47,0.54,0.62,0.6,0.63,0.62,0.66,0.64,0.64,0.73,0.66,0.6,0.69,0.64,0.67,0.58,0.61,0.57,0.63,0.67,0.58,0.6,0.69,0.5,0.5,0.64,0.69,0.65,0.7,0.68,0.62,0.45,0.35,0.37,0.35,0.37,0.52,0.44,0.45,0.41,0.41,0.39,0.52,0.43,0.49,0.5,0.48,0.56,0.57,0.39,0.53,0.52,0.49,0.36,0.47,0.55,0.48,0.5,0.54,0.48,0.48,0.39,0.48,0.51,0.51,0.45,0.55,0.55,0.43,0.51,0.51,0.47,0.44,0.56,0.57,0.45,0.44,0.5,0.58,0.45,0.58,0.55,0.44,0.53,0.44,0.5,0.47,0.52,0.47,0.55,0.55,0.61,0.46,0.57, 0.47, 0.64, 0.53, 0.56, 0.52, 0.62, 0.59, 0.55, 0.5, 0.5, 0.49, 0.59, 0.48, 0.32, 0.27, 0.36, 0.35, 0.36, 0.27, 0.39, 0.29, 0.33, 0.34, 0.3, 0.38, 0.42, 0.37, 0.46, 0.38, 0.44, 0.3, 0.36, 0.44, 0.39, 0.35, 0.44, 0.5, 0.48, 0.43, 0.48, 0.43, 0.42, 0.41, 0.51, 0.51, 0.52, 0.52, 0.57, 0.51, 0.51, 0.55, 0.52, 0.59, 0.45, 0.57, 0.54, 0.56, 0.56, 0.57, 0.58, 0.55, 0.59, 0.58, 0.57, 0.62, 0.57, 0.58, 0.51, 0.63, 0.5, 0.56, 0.71, 0.53, 0.61, 0.58, 0.62, 0.59, 0.57, 0.56, 0.61, 0.63, 0.63, 0.64, 0.61, 0.66, 0.53, 0.59, 0.6, 0.56, 0.54, 0.6, 0.68, 0.63, 0.68, 0.61, 0.61, 0.58, 0.72, 0.66, 0.59,<class 'river.naive_bayes.gaussian.GaussianNB'>
initail_LED_Drift_abrubt,"{'threshold': '0.8', 'train_period': '0', 'classifier': ""<class 'river.naive_bayes.gaussian.GaussianNB'>""}",2023-04-19 16:45:53,init,,0.8,50,100,0.0,0.0,0.0,0.0,0.0,0.0,0.0,0.0,0.0,0.0,0.0,0.0,0.0,0.0,0.0,0.0,0.0,0.0,0.0,0.0,0.0,0.0,0.0,0.0,0.0,0.0,0.0,0.0,0.0,0.0,0.0,0.0,0.0,0.0,0.0,0.0,0.0,0.0,0.0,0.0,0.0,0.0,0.0,0.0,0.0,0.0,0.0,0.0,0.0,0.0,0.0,0.678473160238131,0.11,0.2,0.35,0.52,0.69,0.56,0.6,0.68,0.74,0.73,0.78,0.72,0.73,0.76,0.73,0.83,0.82,0.75,0.76,0.73,0.82,0.77,0.75,0.7,0.74,0.77,0.73,0.77,0.77,0.72,0.7,0.81,0.77,0.81,0.82,0.81,0.74,0.62,0.46,0.48,0.46,0.54,0.57,0.54,0.56,0.56,0.61,0.58,0.61,0.56,0.57,0.56,0.6,0.61,0.64,0.47,0.54,0.57,0.51,0.44,0.52,0.64,0.52,0.61,0.64,0.63,0.57,0.51,0.6,0.6,0.71,0.66,0.66,0.7,0.66,0.72,0.68,0.71,0.64,0.68,0.7,0.57,0.66,0.74,0.8,0.67,0.76,0.8,0.64,0.8,0.65,0.75,0.65,0.76,0.73,0.78,0.78,0.73,0.81,0.8, 0.75, 0.78, 0.76, 0.72, 0.74, 0.83, 0.74, 0.78, 0.78, 0.73, 0.65, 0.8, 0.66, 0.53, 0.49, 0.59, 0.55, 0.63, 0.49, 0.55, 0.55, 0.65, 0.6, 0.62, 0.64, 0.66, 0.65, 0.64, 0.66, 0.6, 0.64, 0.59, 0.65, 0.67, 0.58, 0.64, 0.65, 0.62, 0.63, 0.72, 0.61, 0.62, 0.62, 0.75, 0.64, 0.75, 0.69, 0.79, 0.73, 0.76, 0.69, 0.7, 0.72, 0.66, 0.77, 0.74, 0.73, 0.73, 0.77, 0.77, 0.68, 0.73, 0.76, 0.63, 0.81, 0.69, 0.69, 0.74, 0.79, 0.69, 0.75, 0.74, 0.73, 0.76, 0.72, 0.74, 0.77, 0.69, 0.7, 0.71, 0.85, 0.74, 0.74, 0.74, 0.76, 0.64, 0.75, 0.76, 0.69, 0.77, 0.75, 0.77, 0.72, 0.76, 0.73, 0.74, 0.75, 0.82, 0.78, 0.71,<class 'river.naive_bayes.gaussian.GaussianNB'>
LED_abrubt_constant_delay_lfs_0.1_0_20000,"{'threshold': '0.8', 'train_period': '0', 'classifier': ""<class 'river.naive_bayes.gaussian.GaussianNB'>""}",2023-04-19 16:45:39,lfs,0.1,0.8,50,100,0.0,0.0,0.0,0.0,0.0,0.0,0.0,0.0,0.0,0.0,0.0,0.0,0.0,0.0,0.0,0.0,0.0,0.0,0.0,0.0,0.0,0.0,0.0,0.0,0.0,0.0,0.0,0.0,0.0,0.0,0.0,0.0,0.0,0.0,0.0,0.0,0.0,0.0,0.0,0.0,0.0,0.0,0.0,0.0,0.0,0.0,0.0,0.0,0.0,0.0,0.0,0.6757868980091203,0.1428571428571428,0.06,0.16,0.35,0.53,0.57,0.52,0.64,0.7,0.74,0.76,0.68,0.74,0.75,0.74,0.82,0.75,0.75,0.77,0.79,0.76,0.78,0.76,0.73,0.73,0.82,0.77,0.68,0.72,0.82,0.75,0.81,0.78,0.78,0.64,0.49,0.45,0.5,0.54,0.55,0.48,0.56,0.61,0.6,0.61,0.59,0.58,0.52,0.58,0.63,0.48,0.55,0.57,0.55,0.46,0.55,0.62,0.6,0.62,0.59,0.63,0.53,0.61,0.62,0.7,0.66,0.68,0.64,0.7,0.72,0.7,0.65,0.71,0.7,0.6,0.63,0.74,0.75,0.71,0.76,0.7,0.69,0.66,0.73,0.67,0.79,0.66,0.83,0.71,0.8,0.75,0.73,0.81,0.75,0.73,0.76,0.79,0.81,0.77,0.71, 0.69, 0.81, 0.58, 0.5, 0.52, 0.55, 0.62, 0.5, 0.57, 0.6, 0.64, 0.54, 0.63, 0.68, 0.64, 0.69, 0.67, 0.63, 0.57, 0.62, 0.7, 0.64, 0.58, 0.65, 0.65, 0.64, 0.71, 0.64, 0.57, 0.71, 0.69, 0.7, 0.73, 0.76, 0.7, 0.74, 0.67, 0.71, 0.72, 0.73, 0.7, 0.78, 0.68, 0.75, 0.75, 0.71, 0.72, 0.72, 0.7, 0.76, 0.7, 0.78, 0.79, 0.69, 0.78, 0.73, 0.81, 0.76, 0.75, 0.74, 0.68, 0.7, 0.73, 0.87, 0.74, 0.68, 0.73, 0.72, 0.74, 0.77, 0.71, 0.77, 0.76, 0.74, 0.76, 0.77, 0.67, 0.77, 0.82, 0.76, , , , , , , , , , , , , , , , , , , , ,<class 'river.naive_bayes.gaussian.GaussianNB'>
LED_abrubt_constant_delay_lfs_0.2_0_20000,"{'threshold': '0.8', 'train_period': '0', 'classifier': ""<class 'river.naive_bayes.gaussian.GaussianNB'>""}",2023-04-19 16:48:23,lfs,0.2,0.8,50,100,0.0,0.0,0.0,0.0,0.0,0.0,0.0,0.0,0.0,0.0,0.0,0.0,0.0,0.0,0.0,0.0,0.0,0.0,0.0,0.0,0.0,0.0,0.0,0.0,0.0,0.0,0.0,0.0,0.0,0.0,0.0,0.0,0.0,0.0,0.0,0.0,0.0,0.0,0.0,0.0,0.0,0.0,0.0,0.0,0.0,0.0,0.0,0.0,0.0,0.0,0.0,0.6750673938937998,0.131578947368421,0.14,0.26,0.43,0.61,0.56,0.64,0.66,0.72,0.76,0.72,0.72,0.79,0.84,0.75,0.74,0.8,0.77,0.7,0.75,0.75,0.76,0.77,0.69,0.7,0.81,0.81,0.85,0.79,0.78,0.61,0.48,0.42,0.55,0.58,0.57,0.56,0.56,0.62,0.62,0.55,0.62,0.59,0.61,0.52,0.54,0.61,0.47,0.47,0.58,0.61,0.62,0.58,0.59,0.56,0.61,0.67,0.7,0.61,0.63,0.68,0.67,0.75,0.62,0.72,0.67,0.63,0.78,0.75,0.74,0.74,0.68,0.68,0.75,0.72,0.77,0.69,0.81,0.72,0.81,0.78,0.78,0.71,0.72,0.77,0.78,0.79,0.76,0.68,0.77,0.6,0.48,0.47,0.58,0.53,0.55,0.49,0.65,0.58,0.65, 0.66, 0.62, 0.65, 0.66, 0.6, 0.62, 0.67, 0.7, 0.55, 0.67, 0.62, 0.65, 0.65, 0.66, 0.64, 0.69, 0.67, 0.7, 0.77, 0.74, 0.77, 0.76, 0.71, 0.71, 0.74, 0.73, 0.71, 0.78, 0.7, 0.74, 0.77, 0.74, 0.68, 0.7, 0.81, 0.73, 0.73, 0.71, 0.78, 0.74, 0.71, 0.76, 0.66, 0.7, 0.82, 0.71, 0.72, 0.75, 0.61, 0.8, 0.68, 0.73, 0.78, 0.75, 0.73, 0.74, 0.73, 0.77, 0.77, 0.74, , , , , , , , , , , , , , , , , , , , , , , , , , , , , , , , , , , , , , , , ,<class 'river.naive_bayes.gaussian.GaussianNB'>
LED_abrubt_constant_delay_lfs_0.5_0_20000,"{'threshold': '0.8', 'train_period': '0', 'classifier': ""<class 'river.naive_bayes.gaussian.GaussianNB'>""}",2023-04-19 16:50:23,lfs,0.5,0.8,50,100,0.0,0.0,0.0,0.0,0.0,0.0,0.0,0.0,0.0,0.0,0.0,0.0,0.0,0.0,0.0,0.0,0.0,0.0,0.0,0.0,0.0,0.0,0.0,0.0,0.0,0.0,0.0,0.0,0.0,0.0,0.0,0.0,0.0,0.0,0.0,0.0,0.0,0.0,0.0,0.0,0.0,0.0,0.0,0.0,0.0,0.0,0.0,0.0,0.0,0.0,0.0,0.6637194516193126,0.0869565217391304,0.16,0.24,0.45,0.67,0.64,0.79,0.67,0.76,0.81,0.71,0.77,0.75,0.76,0.77,0.74,0.74,0.83,0.77,0.75,0.49,0.46,0.52,0.61,0.53,0.54,0.57,0.57,0.6,0.56,0.56,0.59,0.6,0.62,0.6,0.52,0.61,0.62,0.69,0.65,0.68,0.7,0.67,0.7,0.66,0.65,0.61,0.69,0.74,0.74,0.73,0.77,0.7,0.76,0.74,0.73,0.73,0.58,0.43,0.55,0.48,0.55,0.58,0.68,0.59,0.67,0.56,0.62,0.61,0.64,0.67,0.66,0.67,0.68,0.74,0.73,0.75,0.76,0.7,0.75,0.78,0.69,0.72,0.71,0.71,0.74,0.78,0.69,0.74,0.76,0.74,0.76,0.71,0.73,0.76,0.7,0.78,0.77,0.72,0.68, 0.82, , , , , , , , , , , , , , , , , , , , , , , , , , , , , , , , , , , , , , , , , , , , , , , , , , , , , , , , , , , , , , , , , , , , , , , , , , , , , , , , , , , , , , , , , , , , , , , , , , , ,<class 'river.naive_bayes.gaussian.GaussianNB'>
LED_abrubt_constant_delay_ssl_0.1_0_20000,"{'threshold': '0.8', 'train_period': '0', 'classifier': ""<class 'river.naive_bayes.gaussian.GaussianNB'>""}",2023-04-19 23:30:26,ssl,0.1,0.8,50,100,0.4513891535500591,0.449299382251017,0.4517832542476657,0.4481383978939451,0.4543351738546485,0.452663410095371,0.4514137641948022,0.4491320754716981,0.4547613575423274,0.4558394420325955,0.4518971848225214,0.4581520923953802,0.4562929061784897,0.4580112172199485,0.4615555720323274,0.4563159528243327,0.4650770528252703,0.4625235404896421,0.4615443425076452,0.4657407407407407,0.4679331060237051,0.4641455314009662,0.4698675243127345,0.4689525244913338,0.471470113085622,0.4697443443075225,0.4715422276621787,0.4749189107641246,0.4720306513409961,0.4765658287175117,0.477109807754969,0.4737159210724507,0.4769442532690984,0.4794199833849407,0.4745876058849755,0.4807617867925989,0.4791474299784549,0.4776825969341749,0.4823386114494519,0.477423496683073,0.481972816798242,0.4820013583880462,0.4787771988967208,0.4823935730910729,0.4848147323086062,0.4871415211970075,0.4818660762006566,0.4865802171290712,0.4860048944631385,0.483450407417814,0.5050847457627119,0.4837902463437691,0.1428571428571428,0.1,0.12,0.34,0.45,0.53,0.44,0.43,0.59,0.63,0.58,0.57,0.65,0.67,0.62,0.73,0.6,0.63,0.66,0.66,0.56,0.61,0.54,0.59,0.57,0.57,0.65,0.44,0.51,0.61,0.59,0.58,0.56,0.6,0.47,0.35,0.33,0.34,0.43,0.46,0.37,0.4,0.45,0.38,0.53,0.47,0.46,0.4,0.47,0.55,0.39,0.49,0.5,0.52,0.36,0.46,0.52,0.56,0.48,0.49,0.48,0.4,0.49,0.5,0.49,0.48,0.51,0.49,0.5,0.55,0.46,0.41,0.54,0.57,0.42,0.43,0.46,0.54,0.49,0.52,0.52,0.46,0.41,0.49,0.49,0.53,0.41,0.51,0.58,0.44,0.51,0.45,0.63,0.52,0.55,0.52,0.6,0.6,0.52,0.48, 0.51, 0.57, 0.37, 0.28, 0.27, 0.39, 0.29, 0.27, 0.35, 0.33, 0.27, 0.32, 0.31, 0.36, 0.32, 0.39, 0.36, 0.32, 0.3, 0.34, 0.42, 0.28, 0.27, 0.36, 0.4, 0.38, 0.42, 0.35, 0.29, 0.41, 0.53, 0.41, 0.43, 0.49, 0.42, 0.46, 0.41, 0.48, 0.46, 0.5, 0.53, 0.5, 0.45, 0.52, 0.52, 0.5, 0.51, 0.58, 0.5, 0.5, 0.54, 0.52, 0.58, 0.47, 0.56, 0.66, 0.56, 0.57, 0.54, 0.52, 0.49, 0.52, 0.6, 0.59, 0.62, 0.55, 0.53, 0.49, 0.55, 0.59, 0.52, 0.48, 0.61, 0.62, 0.62, 0.63, 0.47, 0.55, 0.61, 0.59, , , , , , , , , , , , , , , , , , , , ,<class 'river.naive_bayes.gaussian.GaussianNB'>
LED_abrubt_constant_delay_ssl_0.2_0_20000,"{'threshold': '0.8', 'train_period': '0', 'classifier': ""<class 'river.naive_bayes.gaussian.GaussianNB'>""}",2023-04-19 21:53:23,ssl,0.2,0.8,50,100,0.4292478354978355,0.4283049040511727,0.4273387829246139,0.4311584553928096,0.4289222134526002,0.429138217383281,0.4289857699628387,0.4325167037861915,0.4258840553495523,0.4341426908365208,0.4289625501124474,0.4306530430919591,0.4354093010606473,0.4358132102272727,0.437719298245614,0.4392876914559881,0.4348142753095411,0.4376,0.4422519913106444,0.440811912486482,0.4390410958904109,0.4438920454545454,0.4438882315463729,0.4432110824971139,0.4450772986167616,0.4466659093490855,0.4450271247739602,0.4486950303897032,0.4492452318539275,0.450367033700367,0.4473812542670438,0.4546181882834029,0.4503574984161462,0.448547161376844,0.4547204479832006,0.4539735405680452,0.4527704962487571,0.4551282051282051,0.4518726252940112,0.4577740725302209,0.4573016182491713,0.4545212293480192,0.4619013062409289,0.4586968132455047,0.459707760958964,0.459211986681465,0.4603217642805495,0.461065025421461,0.4612392582541836,0.4593668717883651,0.4773519163763066,0.4595035105315947,0.0789473684210526,0.07,0.2,0.31,0.49,0.46,0.44,0.58,0.59,0.69,0.66,0.6,0.68,0.69,0.6,0.64,0.65,0.59,0.52,0.64,0.57,0.55,0.61,0.55,0.41,0.62,0.68,0.64,0.62,0.62,0.43,0.35,0.28,0.35,0.45,0.39,0.38,0.38,0.39,0.52,0.43,0.49,0.46,0.53,0.43,0.47,0.48,0.43,0.39,0.44,0.55,0.49,0.47,0.48,0.44,0.44,0.51,0.47,0.48,0.49,0.46,0.55,0.48,0.41,0.52,0.5,0.45,0.51,0.53,0.56,0.52,0.47,0.46,0.49,0.49,0.5,0.49,0.5,0.52,0.46,0.45,0.53,0.55,0.51,0.49,0.54,0.49,0.49,0.44,0.56,0.38,0.26,0.23,0.34,0.23,0.31,0.29,0.27,0.36,0.27, 0.41, 0.33, 0.32, 0.38, 0.3, 0.29, 0.38, 0.27, 0.23, 0.37, 0.37, 0.36, 0.25, 0.32, 0.34, 0.38, 0.35, 0.4, 0.4, 0.45, 0.42, 0.38, 0.41, 0.36, 0.51, 0.38, 0.45, 0.48, 0.41, 0.48, 0.52, 0.48, 0.46, 0.39, 0.43, 0.43, 0.47, 0.58, 0.43, 0.53, 0.46, 0.54, 0.45, 0.51, 0.54, 0.54, 0.5, 0.55, 0.42, 0.52, 0.45, 0.44, 0.46, 0.53, 0.56, 0.59, 0.47, 0.5, 0.52, 0.61, , , , , , , , , , , , , , , , , , , , , , , , , , , , , , , , , , , , , , , , ,<class 'river.naive_bayes.gaussian.GaussianNB'>
LED_abrubt_constant_delay_ssl_0.5_0_20000,"{'threshold': '0.8', 'train_period': '0', 'classifier': ""<class 'river.naive_bayes.gaussian.GaussianNB'>""}",2023-04-20 01:07:03,ssl,0.5,0.8,50,100,0.3431607159950225,0.3363161819537658,0.3303519346684814,0.3372330547818013,0.3427068214804064,0.3359422034918723,0.331132258691008,0.3420219698380189,0.3338509316770186,0.3473718576558929,0.3366268382352941,0.3407489803485354,0.3378141437755698,0.3391562906522951,0.3465256246580339,0.3390034020412247,0.344170834936514,0.3428785326595545,0.3430515063168124,0.3452342487883683,0.3406032482598607,0.3507295173961841,0.3454861111111111,0.3468779123951537,0.3484928609201481,0.3431205189484466,0.3484995159728944,0.3489970282317979,0.3546443839875631,0.3515330382029841,0.3451488298114065,0.3504209541627689,0.3513513513513513,0.3519822156354205,0.3527207850133809,0.3554871794871795,0.3526346265199768,0.3538346146634165,0.3573353869849827,0.3569451229441459,0.3636154023518561,0.3501494768310911,0.3598917037323535,0.3509067115348663,0.360758361652656,0.3607259380097879,0.3594985535197685,0.3539210181545948,0.3619287374128582,0.3605676634566649,0.3712871287128713,0.360782755537896,0.0434782608695652,0.13,0.18,0.31,0.41,0.44,0.59,0.54,0.64,0.58,0.47,0.59,0.48,0.48,0.52,0.49,0.45,0.66,0.53,0.57,0.3,0.27,0.28,0.3,0.23,0.34,0.42,0.34,0.35,0.32,0.42,0.39,0.47,0.39,0.45,0.38,0.37,0.43,0.48,0.43,0.39,0.42,0.31,0.44,0.39,0.44,0.34,0.37,0.4,0.53,0.34,0.44,0.47,0.44,0.44,0.34,0.54,0.35,0.2,0.24,0.19,0.23,0.22,0.3,0.27,0.28,0.24,0.28,0.21,0.32,0.32,0.22,0.24,0.31,0.26,0.29,0.34,0.21,0.24,0.27,0.32,0.35,0.25,0.29,0.35,0.28,0.36,0.31,0.28,0.33,0.29,0.35,0.31,0.25,0.34,0.32,0.37,0.31,0.41,0.26, 0.31, , , , , , , , , , , , , , , , , , , , , , , , , , , , , , , , , , , , , , , , , , , , , , , , , , , , , , , , , , , , , , , , , , , , , , , , , , , , , , , , , , , , , , , , , , , , , , , , , , , ,<class 'river.naive_bayes.gaussian.GaussianNB'>
LED_abrubt_delay_0_20000,"{'threshold': '0.9', 'train_period': '0', 'classifier': ""<class 'river.naive_bayes.gaussian.GaussianNB'>""}",2023-04-19 18:09:48,delay,,0.9,50,100,0.5104118616144975,0.498828125,0.5011873350923483,0.4979817708333333,0.502120822622108,0.5033422459893048,0.4998680738786279,0.5029947916666667,0.5073878627968338,0.503589108910891,0.5046657381615599,0.5095703125,0.5070580474934037,0.5100911458333334,0.513624678663239,0.5112299465240642,0.5153034300791557,0.517578125,0.516292875989446,0.5201113861386139,0.5220055710306407,0.5212239583333333,0.525131926121372,0.5277994791666667,0.5227790432801822,0.5268518518518519,0.5309366754617414,0.531640625,0.5294854881266491,0.5326113861386138,0.5333565459610028,0.531640625,0.5356200527704486,0.5348958333333333,0.5339331619537275,0.5375,0.5367414248021108,0.5362630208333333,0.5403693931398417,0.5378712871287129,0.5371169916434541,0.5440755208333333,0.5409630606860159,0.5395182291666667,0.5444730077120823,0.5435828877005348,0.5413588390501319,0.5467447916666667,0.5449868073878628,0.5398180899444164,0.5466666666666666,0.5392696348174087,0.09,0.14,0.31,0.39,0.59,0.54,0.47,0.54,0.62,0.6,0.63,0.6,0.66,0.64,0.64,0.72,0.66,0.58,0.69,0.64,0.68,0.57,0.59,0.55,0.61,0.66,0.58,0.6,0.69,0.48,0.49,0.62,0.69,0.64,0.67,0.69,0.63,0.45,0.35,0.36,0.36,0.41,0.52,0.45,0.48,0.44,0.43,0.41,0.53,0.46,0.51,0.47,0.47,0.56,0.55,0.39,0.52,0.52,0.48,0.36,0.47,0.56,0.49,0.49,0.54,0.48,0.48,0.4,0.48,0.51,0.51,0.44,0.54,0.55,0.45,0.52,0.51,0.46,0.47,0.56,0.57,0.47,0.46,0.51,0.58,0.45,0.58,0.55,0.42,0.56,0.45,0.47,0.48,0.51,0.47,0.56,0.54,0.61,0.46,0.6, 0.48, 0.67, 0.57, 0.57, 0.56, 0.66, 0.6, 0.61, 0.55, 0.59, 0.53, 0.58, 0.48, 0.37, 0.33, 0.36, 0.36, 0.41, 0.28, 0.42, 0.29, 0.41, 0.36, 0.4, 0.4, 0.48, 0.48, 0.46, 0.49, 0.48, 0.39, 0.42, 0.48, 0.47, 0.42, 0.54, 0.52, 0.57, 0.48, 0.56, 0.48, 0.51, 0.47, 0.57, 0.55, 0.61, 0.57, 0.66, 0.57, 0.61, 0.6, 0.54, 0.63, 0.53, 0.61, 0.6, 0.6, 0.62, 0.62, 0.64, 0.58, 0.62, 0.6, 0.57, 0.65, 0.58, 0.57, 0.54, 0.65, 0.54, 0.63, 0.72, 0.55, 0.66, 0.61, 0.65, 0.64, 0.62, 0.59, 0.65, 0.68, 0.66, 0.65, 0.62, 0.68, 0.55, 0.61, 0.64, 0.61, 0.63, 0.65, 0.72, 0.63, 0.69, 0.67, 0.66, 0.61, 0.75, 0.68, 0.65,<class 'river.naive_bayes.gaussian.GaussianNB'>
initail_LED_Drift_abrubt,"{'threshold': '0.9', 'train_period': '0', 'classifier': ""<class 'river.naive_bayes.gaussian.GaussianNB'>""}",2023-04-19 16:44:49,init,,0.9,50,100,0.0,0.0,0.0,0.0,0.0,0.0,0.0,0.0,0.0,0.0,0.0,0.0,0.0,0.0,0.0,0.0,0.0,0.0,0.0,0.0,0.0,0.0,0.0,0.0,0.0,0.0,0.0,0.0,0.0,0.0,0.0,0.0,0.0,0.0,0.0,0.0,0.0,0.0,0.0,0.0,0.0,0.0,0.0,0.0,0.0,0.0,0.0,0.0,0.0,0.0,0.0,0.678473160238131,0.11,0.2,0.35,0.52,0.69,0.56,0.6,0.68,0.74,0.73,0.78,0.72,0.73,0.76,0.73,0.83,0.82,0.75,0.76,0.73,0.82,0.77,0.75,0.7,0.74,0.77,0.73,0.77,0.77,0.72,0.7,0.81,0.77,0.81,0.82,0.81,0.74,0.62,0.46,0.48,0.46,0.54,0.57,0.54,0.56,0.56,0.61,0.58,0.61,0.56,0.57,0.56,0.6,0.61,0.64,0.47,0.54,0.57,0.51,0.44,0.52,0.64,0.52,0.61,0.64,0.63,0.57,0.51,0.6,0.6,0.71,0.66,0.66,0.7,0.66,0.72,0.68,0.71,0.64,0.68,0.7,0.57,0.66,0.74,0.8,0.67,0.76,0.8,0.64,0.8,0.65,0.75,0.65,0.76,0.73,0.78,0.78,0.73,0.81,0.8, 0.75, 0.78, 0.76, 0.72, 0.74, 0.83, 0.74, 0.78, 0.78, 0.73, 0.65, 0.8, 0.66, 0.53, 0.49, 0.59, 0.55, 0.63, 0.49, 0.55, 0.55, 0.65, 0.6, 0.62, 0.64, 0.66, 0.65, 0.64, 0.66, 0.6, 0.64, 0.59, 0.65, 0.67, 0.58, 0.64, 0.65, 0.62, 0.63, 0.72, 0.61, 0.62, 0.62, 0.75, 0.64, 0.75, 0.69, 0.79, 0.73, 0.76, 0.69, 0.7, 0.72, 0.66, 0.77, 0.74, 0.73, 0.73, 0.77, 0.77, 0.68, 0.73, 0.76, 0.63, 0.81, 0.69, 0.69, 0.74, 0.79, 0.69, 0.75, 0.74, 0.73, 0.76, 0.72, 0.74, 0.77, 0.69, 0.7, 0.71, 0.85, 0.74, 0.74, 0.74, 0.76, 0.64, 0.75, 0.76, 0.69, 0.77, 0.75, 0.77, 0.72, 0.76, 0.73, 0.74, 0.75, 0.82, 0.78, 0.71,<class 'river.naive_bayes.gaussian.GaussianNB'>
LED_abrubt_constant_delay_lfs_0.1_0_20000,"{'threshold': '0.9', 'train_period': '0', 'classifier': ""<class 'river.naive_bayes.gaussian.GaussianNB'>""}",2023-04-19 16:44:45,lfs,0.1,0.9,50,100,0.0,0.0,0.0,0.0,0.0,0.0,0.0,0.0,0.0,0.0,0.0,0.0,0.0,0.0,0.0,0.0,0.0,0.0,0.0,0.0,0.0,0.0,0.0,0.0,0.0,0.0,0.0,0.0,0.0,0.0,0.0,0.0,0.0,0.0,0.0,0.0,0.0,0.0,0.0,0.0,0.0,0.0,0.0,0.0,0.0,0.0,0.0,0.0,0.0,0.0,0.0,0.6757868980091203,0.07,0.15,0.31,0.54,0.58,0.52,0.64,0.67,0.75,0.75,0.69,0.74,0.74,0.73,0.83,0.74,0.75,0.78,0.8,0.76,0.77,0.77,0.74,0.71,0.83,0.77,0.68,0.73,0.8,0.76,0.8,0.8,0.77,0.65,0.51,0.43,0.47,0.54,0.58,0.48,0.55,0.64,0.59,0.62,0.54,0.61,0.52,0.58,0.62,0.51,0.54,0.54,0.59,0.44,0.55,0.63,0.58,0.62,0.59,0.64,0.54,0.59,0.63,0.69,0.66,0.67,0.65,0.69,0.73,0.72,0.65,0.7,0.67,0.6,0.66,0.72,0.77,0.7,0.76,0.7,0.69,0.64,0.76,0.66,0.79,0.65,0.84,0.71,0.81,0.74,0.72,0.81,0.75,0.73,0.77,0.78,0.81,0.77,0.72,0.69, 0.8, 0.62, 0.48, 0.53, 0.55, 0.61, 0.5, 0.57, 0.58, 0.66, 0.55, 0.63, 0.66, 0.65, 0.68, 0.66, 0.64, 0.6, 0.6, 0.69, 0.66, 0.56, 0.66, 0.64, 0.64, 0.72, 0.62, 0.6, 0.67, 0.7, 0.73, 0.72, 0.75, 0.7, 0.74, 0.67, 0.71, 0.72, 0.75, 0.68, 0.77, 0.72, 0.71, 0.75, 0.71, 0.73, 0.71, 0.71, 0.78, 0.67, 0.81, 0.76, 0.69, 0.8, 0.72, 0.8, 0.78, 0.72, 0.74, 0.7, 0.7, 0.71, 0.9, 0.71, 0.69, 0.73, 0.72, 0.74, 0.79, 0.68, 0.79, 0.76, 0.75, 0.75, 0.78, 0.66, 0.76, 0.84, 0.74, , , , , , , , , , , , , , , , , , , , , ,<class 'river.naive_bayes.gaussian.GaussianNB'>
LED_abrubt_constant_delay_lfs_0.2_0_20000,"{'threshold': '0.9', 'train_period': '0', 'classifier': ""<class 'river.naive_bayes.gaussian.GaussianNB'>""}",2023-04-19 16:47:30,lfs,0.2,0.9,50,100,0.0,0.0,0.0,0.0,0.0,0.0,0.0,0.0,0.0,0.0,0.0,0.0,0.0,0.0,0.0,0.0,0.0,0.0,0.0,0.0,0.0,0.0,0.0,0.0,0.0,0.0,0.0,0.0,0.0,0.0,0.0,0.0,0.0,0.0,0.0,0.0,0.0,0.0,0.0,0.0,0.0,0.0,0.0,0.0,0.0,0.0,0.0,0.0,0.0,0.0,0.0,0.6750673938937998,0.12,0.22,0.36,0.61,0.54,0.59,0.71,0.63,0.78,0.68,0.82,0.7,0.83,0.77,0.76,0.75,0.77,0.73,0.75,0.76,0.76,0.77,0.74,0.65,0.81,0.77,0.85,0.81,0.82,0.69,0.45,0.5,0.48,0.56,0.59,0.56,0.58,0.54,0.65,0.57,0.59,0.57,0.66,0.56,0.52,0.54,0.55,0.45,0.57,0.57,0.59,0.67,0.54,0.56,0.6,0.68,0.68,0.65,0.62,0.63,0.72,0.69,0.68,0.68,0.68,0.66,0.72,0.79,0.71,0.74,0.69,0.72,0.68,0.74,0.73,0.74,0.77,0.73,0.8,0.79,0.75,0.8,0.7,0.71,0.79,0.78,0.82,0.71,0.72,0.65,0.55,0.46,0.54,0.58,0.47,0.55,0.57,0.65,0.59,0.64, 0.63, 0.65, 0.67, 0.62, 0.61, 0.62, 0.7, 0.62, 0.63, 0.6, 0.65, 0.74, 0.6, 0.64, 0.72, 0.63, 0.71, 0.77, 0.72, 0.77, 0.77, 0.69, 0.69, 0.75, 0.78, 0.67, 0.77, 0.72, 0.73, 0.79, 0.68, 0.74, 0.7, 0.74, 0.8, 0.68, 0.78, 0.71, 0.8, 0.7, 0.75, 0.7, 0.66, 0.75, 0.77, 0.72, 0.74, 0.66, 0.74, 0.73, 0.7, 0.74, 0.79, 0.72, 0.77, 0.7, 0.76, 0.79, 0.75, , , , , , , , , , , , , , , , , , , , , , , , , , , , , , , , , , , , , , , , , ,<class 'river.naive_bayes.gaussian.GaussianNB'>
LED_abrubt_constant_delay_lfs_0.5_0_20000,"{'threshold': '0.9', 'train_period': '0', 'classifier': ""<class 'river.naive_bayes.gaussian.GaussianNB'>""}",2023-04-19 16:49:45,lfs,0.5,0.9,50,100,0.0,0.0,0.0,0.0,0.0,0.0,0.0,0.0,0.0,0.0,0.0,0.0,0.0,0.0,0.0,0.0,0.0,0.0,0.0,0.0,0.0,0.0,0.0,0.0,0.0,0.0,0.0,0.0,0.0,0.0,0.0,0.0,0.0,0.0,0.0,0.0,0.0,0.0,0.0,0.0,0.0,0.0,0.0,0.0,0.0,0.0,0.0,0.0,0.0,0.0,0.0,0.6637194516193126,0.14,0.22,0.4,0.63,0.65,0.74,0.72,0.71,0.82,0.74,0.75,0.74,0.79,0.76,0.74,0.69,0.85,0.78,0.75,0.55,0.45,0.54,0.55,0.56,0.58,0.55,0.54,0.62,0.6,0.55,0.51,0.62,0.67,0.57,0.5,0.63,0.63,0.65,0.68,0.67,0.74,0.58,0.74,0.64,0.66,0.59,0.7,0.74,0.75,0.72,0.76,0.73,0.7,0.78,0.77,0.69,0.64,0.45,0.53,0.46,0.56,0.59,0.65,0.6,0.68,0.54,0.59,0.64,0.65,0.64,0.69,0.62,0.73,0.68,0.77,0.74,0.78,0.67,0.77,0.75,0.7,0.77,0.69,0.68,0.77,0.76,0.7,0.73,0.74,0.78,0.71,0.78,0.69,0.72,0.71,0.81,0.78,0.71,0.68,0.83, , , , , , , , , , , , , , , , , , , , , , , , , , , , , , , , , , , , , , , , , , , , , , , , , , , , , , , , , , , , , , , , , , , , , , , , , , , , , , , , , , , , , , , , , , , , , , , , , , , , ,<class 'river.naive_bayes.gaussian.GaussianNB'>
LED_abrubt_constant_delay_ssl_0.1_0_20000,"{'threshold': '0.9', 'train_period': '0', 'classifier': ""<class 'river.naive_bayes.gaussian.GaussianNB'>""}",2023-04-19 21:05:40,ssl,0.1,0.9,50,100,0.4759454101860323,0.4739697129511037,0.4761577258138468,0.4737755641083692,0.4784217928788215,0.4772780237706828,0.4780748663101604,0.4746428841357418,0.4805234560342848,0.4793763288447909,0.4780555329370572,0.4828237070592676,0.4838115697406782,0.4841394825646794,0.4864503675105798,0.4839234523901758,0.4915397631133671,0.489674404582454,0.4900823924321025,0.4923666832351062,0.4960822722820764,0.492707863479176,0.4991205934082741,0.4970641373080397,0.4977677127143319,0.4986157253599114,0.5002293577981651,0.5041789021911001,0.4996182623301267,0.503688989784336,0.5048615082931612,0.5040564903846154,0.5048224127372933,0.5077237619263971,0.5036189069423929,0.5070115300716734,0.5082628893458229,0.507025230397341,0.5109270761444674,0.5061238938053098,0.5115767161258764,0.511415869188456,0.5073309280724648,0.513840830449827,0.5123648748704279,0.5154551102826965,0.5113052809074883,0.5159518434913469,0.5160303007116076,0.5106921778277996,0.5307820299500832,0.5108713785241618,0.09,0.13,0.29,0.49,0.52,0.46,0.46,0.58,0.61,0.6,0.57,0.66,0.64,0.64,0.73,0.61,0.61,0.68,0.67,0.52,0.56,0.57,0.58,0.57,0.57,0.65,0.46,0.53,0.6,0.61,0.56,0.62,0.63,0.5,0.33,0.33,0.33,0.42,0.53,0.4,0.46,0.46,0.37,0.58,0.45,0.51,0.4,0.46,0.54,0.42,0.47,0.45,0.54,0.33,0.48,0.52,0.54,0.48,0.49,0.5,0.44,0.46,0.52,0.5,0.45,0.52,0.45,0.49,0.57,0.47,0.45,0.52,0.55,0.44,0.45,0.45,0.55,0.48,0.55,0.49,0.47,0.38,0.49,0.48,0.53,0.41,0.54,0.55,0.47,0.5,0.45,0.58,0.56,0.57,0.53,0.63,0.59,0.5,0.52,0.5, 0.57, 0.39, 0.3, 0.29, 0.43, 0.32, 0.28, 0.4, 0.29, 0.32, 0.36, 0.4, 0.39, 0.37, 0.39, 0.42, 0.42, 0.34, 0.38, 0.48, 0.35, 0.39, 0.44, 0.52, 0.48, 0.46, 0.44, 0.42, 0.45, 0.61, 0.55, 0.49, 0.6, 0.48, 0.54, 0.53, 0.52, 0.51, 0.62, 0.5, 0.61, 0.56, 0.54, 0.6, 0.58, 0.54, 0.59, 0.58, 0.62, 0.59, 0.54, 0.59, 0.53, 0.63, 0.68, 0.62, 0.65, 0.57, 0.62, 0.57, 0.55, 0.63, 0.67, 0.61, 0.58, 0.61, 0.56, 0.57, 0.63, 0.54, 0.59, 0.65, 0.67, 0.65, 0.66, 0.57, 0.59, 0.71, 0.61, , , , , , , , , , , , , , , , , , , , , ,<class 'river.naive_bayes.gaussian.GaussianNB'>
LED_abrubt_constant_delay_ssl_0.2_0_20000,"{'threshold': '0.9', 'train_period': '0', 'classifier': ""<class 'river.naive_bayes.gaussian.GaussianNB'>""}",2023-04-19 19:05:45,ssl,0.2,0.9,50,100,0.4485568913503535,0.4474362392250955,0.4457536481464696,0.451171875,0.4492208019611276,0.4485490557346844,0.4498320167075275,0.4537874756075927,0.4460811056555737,0.4517064280980782,0.4519933716736524,0.4482880965052332,0.4552682079868409,0.4531277689172426,0.4565293296089385,0.4588896050087468,0.4543133321174539,0.4606990773598297,0.4599041677967634,0.4587765957446808,0.4586724188645946,0.4637207247017234,0.4637404580152672,0.4633973621315393,0.4670457095833021,0.467995921604169,0.4657026660641662,0.4697401210395158,0.4718036632680682,0.4702504784888075,0.4710201683963188,0.4748959532453732,0.4750905797101449,0.4700839435613502,0.4761071241029231,0.4765402626021485,0.4717749231047584,0.4781208053691275,0.4705669262814707,0.4788440837956446,0.4785449580651453,0.4758682101513802,0.483064662198877,0.4799466429524233,0.4787215411558669,0.4798747351938841,0.482324147933285,0.4816688859298713,0.4829870247708919,0.4805532643867775,0.4738675958188153,0.4805667001003009,0.07,0.15,0.24,0.47,0.47,0.41,0.59,0.56,0.66,0.56,0.7,0.62,0.74,0.57,0.6,0.63,0.6,0.5,0.57,0.56,0.58,0.61,0.61,0.45,0.53,0.68,0.67,0.58,0.62,0.54,0.34,0.32,0.38,0.42,0.44,0.44,0.44,0.34,0.56,0.45,0.5,0.47,0.53,0.49,0.43,0.45,0.47,0.36,0.49,0.47,0.48,0.52,0.46,0.43,0.47,0.54,0.41,0.55,0.49,0.39,0.52,0.49,0.45,0.5,0.5,0.49,0.45,0.53,0.49,0.53,0.47,0.5,0.44,0.46,0.51,0.44,0.48,0.58,0.43,0.5,0.47,0.61,0.52,0.48,0.55,0.55,0.49,0.47,0.51,0.43,0.29,0.21,0.36,0.26,0.27,0.3,0.26,0.33,0.33,0.39, 0.35, 0.36, 0.43, 0.4, 0.32, 0.36, 0.4, 0.28, 0.43, 0.37, 0.4, 0.4, 0.38, 0.4, 0.37, 0.47, 0.37, 0.53, 0.45, 0.5, 0.51, 0.48, 0.44, 0.53, 0.52, 0.45, 0.45, 0.55, 0.54, 0.51, 0.51, 0.51, 0.49, 0.46, 0.55, 0.52, 0.63, 0.44, 0.61, 0.49, 0.6, 0.53, 0.53, 0.57, 0.62, 0.58, 0.52, 0.47, 0.54, 0.58, 0.5, 0.51, 0.65, 0.58, 0.65, 0.56, 0.5, 0.61, 0.56, , , , , , , , , , , , , , , , , , , , , , , , , , , , , , , , , , , , , , , , , ,<class 'river.naive_bayes.gaussian.GaussianNB'>
LED_abrubt_constant_delay_ssl_0.5_0_20000,"{'threshold': '0.9', 'train_period': '0', 'classifier': ""<class 'river.naive_bayes.gaussian.GaussianNB'>""}",2023-04-19 20:23:56,ssl,0.5,0.9,50,100,0.3740545715653423,0.3660630950158671,0.3613152804642166,0.368262910798122,0.3702372393961179,0.3692462311557788,0.3591836734693877,0.3751399776035834,0.3638474937100832,0.3776474421635712,0.3679288321167883,0.3729416167664671,0.3689849990259107,0.3662182361733931,0.3794332561040813,0.3732897692464774,0.3722543352601156,0.3753031150904682,0.3722783825816485,0.3790454396861719,0.3721088435374149,0.3882462686567164,0.3697299397707402,0.3810145468108915,0.3812806575633037,0.3755102040816326,0.3820050416909055,0.3727578475336323,0.3918525703200776,0.3819590124253671,0.3839759870699607,0.3785754346606842,0.3847944142746315,0.3822057460611677,0.3864795918367347,0.3918326693227091,0.3825529434622109,0.3842263019857624,0.3919050398910293,0.3905363798411926,0.3939324293265916,0.3875651526433358,0.3982146322530565,0.382803738317757,0.3947179302910528,0.3943293786446812,0.3935546875,0.3916279069767442,0.3965450310559006,0.3986205497514961,0.3413461538461538,0.3974371709546042,0.1,0.18,0.31,0.41,0.48,0.58,0.58,0.6,0.62,0.55,0.57,0.51,0.56,0.59,0.54,0.47,0.67,0.55,0.6,0.38,0.3,0.35,0.35,0.31,0.43,0.4,0.38,0.45,0.38,0.46,0.43,0.51,0.47,0.42,0.38,0.46,0.51,0.52,0.51,0.44,0.53,0.37,0.51,0.48,0.5,0.37,0.51,0.5,0.56,0.45,0.47,0.48,0.45,0.56,0.39,0.52,0.48,0.18,0.25,0.19,0.23,0.25,0.28,0.29,0.3,0.29,0.3,0.26,0.32,0.33,0.26,0.22,0.36,0.22,0.34,0.29,0.3,0.23,0.28,0.36,0.38,0.28,0.33,0.41,0.32,0.32,0.39,0.28,0.3,0.35,0.37,0.4,0.34,0.33,0.35,0.32,0.44,0.44,0.22,0.38, , , , , , , , , , , , , , , , , , , , , , , , , , , , , , , , , , , , , , , , , , , , , , , , , , , , , , , , , , , , , , , , , , , , , , , , , , , , , , , , , , , , , , , , , , , , , , , , , , , , ,<class 'river.naive_bayes.gaussian.GaussianNB'>
LED_abrubt_delay_0_20000,"{'threshold': '1', 'train_period': '0', 'classifier': ""<class 'river.naive_bayes.gaussian.GaussianNB'>""}",2023-05-19 00:41:06,delay,,1.0,50,100,0.640494233937397,0.6396484375,0.6428759894459103,0.6427734375,0.6467866323907455,0.6462566844919786,0.6467678100263852,0.6457682291666667,0.6490765171503958,0.6474628712871288,0.6508356545961003,0.6531901041666667,0.6524406332453826,0.6572265625,0.6555269922879178,0.6572860962566844,0.6603562005277045,0.6602864583333333,0.6612137203166227,0.6625618811881188,0.6664345403899722,0.6638020833333333,0.6686675461741425,0.6696614583333333,0.6656605922551253,0.6683641975308642,0.6713060686015832,0.6720703125,0.6688654353562006,0.6730816831683168,0.6724233983286908,0.672265625,0.6736147757255937,0.6760416666666667,0.6748071979434447,0.6751336898395722,0.6780343007915567,0.6748697916666667,0.6783641160949868,0.6772896039603961,0.6770194986072423,0.6811848958333333,0.6784300791556728,0.6791015625,0.6803984575835476,0.6838235294117647,0.6801451187335092,0.6842447916666666,0.6837071240105541,0.6788114609126282,0.685,0.6784392196098049,0.1123595505617977,0.2,0.35,0.52,0.69,0.56,0.6,0.68,0.74,0.73,0.78,0.72,0.73,0.76,0.73,0.83,0.82,0.75,0.76,0.73,0.82,0.77,0.75,0.7,0.74,0.77,0.73,0.77,0.77,0.72,0.7,0.81,0.77,0.81,0.82,0.81,0.74,0.62,0.46,0.48,0.46,0.54,0.57,0.54,0.56,0.56,0.61,0.58,0.61,0.56,0.57,0.56,0.6,0.61,0.64,0.47,0.54,0.57,0.51,0.44,0.52,0.64,0.52,0.61,0.64,0.63,0.57,0.51,0.6,0.6,0.71,0.66,0.66,0.7,0.66,0.72,0.68,0.71,0.64,0.68,0.7,0.57,0.66,0.74,0.8,0.67,0.76,0.8,0.64,0.8,0.65,0.75,0.65,0.76,0.73,0.78,0.78,0.73,0.81,0.8, 0.75, 0.78, 0.76, 0.72, 0.74, 0.83, 0.74, 0.78, 0.78, 0.73, 0.65, 0.8, 0.66, 0.53, 0.49, 0.59, 0.55, 0.63, 0.49, 0.55, 0.55, 0.65, 0.6, 0.62, 0.64, 0.66, 0.65, 0.64, 0.66, 0.6, 0.64, 0.59, 0.65, 0.67, 0.58, 0.64, 0.65, 0.62, 0.63, 0.72, 0.61, 0.62, 0.62, 0.75, 0.64, 0.75, 0.69, 0.79, 0.73, 0.76, 0.69, 0.7, 0.72, 0.66, 0.77, 0.74, 0.73, 0.73, 0.77, 0.77, 0.68, 0.73, 0.76, 0.63, 0.81, 0.69, 0.69, 0.74, 0.79, 0.69, 0.75, 0.74, 0.73, 0.76, 0.72, 0.74, 0.77, 0.69, 0.7, 0.71, 0.85, 0.74, 0.74, 0.74, 0.76, 0.64, 0.75, 0.76, 0.69, 0.77, 0.75, 0.77, 0.72, 0.76, 0.73, 0.74, 0.75, 0.82, 0.78, 0.71,<class 'river.naive_bayes.gaussian.GaussianNB'>
initail_LED_Drift_abrubt,"{'threshold': '1', 'train_period': '0', 'classifier': ""<class 'river.naive_bayes.gaussian.GaussianNB'>""}",2023-05-18 22:57:08,init,,1.0,50,100,0.0,0.0,0.0,0.0,0.0,0.0,0.0,0.0,0.0,0.0,0.0,0.0,0.0,0.0,0.0,0.0,0.0,0.0,0.0,0.0,0.0,0.0,0.0,0.0,0.0,0.0,0.0,0.0,0.0,0.0,0.0,0.0,0.0,0.0,0.0,0.0,0.0,0.0,0.0,0.0,0.0,0.0,0.0,0.0,0.0,0.0,0.0,0.0,0.0,0.0,0.0,0.678473160238131,0.1123595505617977,0.2,0.35,0.52,0.69,0.56,0.6,0.68,0.74,0.73,0.78,0.72,0.73,0.76,0.73,0.83,0.82,0.75,0.76,0.73,0.82,0.77,0.75,0.7,0.74,0.77,0.73,0.77,0.77,0.72,0.7,0.81,0.77,0.81,0.82,0.81,0.74,0.62,0.46,0.48,0.46,0.54,0.57,0.54,0.56,0.56,0.61,0.58,0.61,0.56,0.57,0.56,0.6,0.61,0.64,0.47,0.54,0.57,0.51,0.44,0.52,0.64,0.52,0.61,0.64,0.63,0.57,0.51,0.6,0.6,0.71,0.66,0.66,0.7,0.66,0.72,0.68,0.71,0.64,0.68,0.7,0.57,0.66,0.74,0.8,0.67,0.76,0.8,0.64,0.8,0.65,0.75,0.65,0.76,0.73,0.78,0.78,0.73,0.81,0.8, 0.75, 0.78, 0.76, 0.72, 0.74, 0.83, 0.74, 0.78, 0.78, 0.73, 0.65, 0.8, 0.66, 0.53, 0.49, 0.59, 0.55, 0.63, 0.49, 0.55, 0.55, 0.65, 0.6, 0.62, 0.64, 0.66, 0.65, 0.64, 0.66, 0.6, 0.64, 0.59, 0.65, 0.67, 0.58, 0.64, 0.65, 0.62, 0.63, 0.72, 0.61, 0.62, 0.62, 0.75, 0.64, 0.75, 0.69, 0.79, 0.73, 0.76, 0.69, 0.7, 0.72, 0.66, 0.77, 0.74, 0.73, 0.73, 0.77, 0.77, 0.68, 0.73, 0.76, 0.63, 0.81, 0.69, 0.69, 0.74, 0.79, 0.69, 0.75, 0.74, 0.73, 0.76, 0.72, 0.74, 0.77, 0.69, 0.7, 0.71, 0.85, 0.74, 0.74, 0.74, 0.76, 0.64, 0.75, 0.76, 0.69, 0.77, 0.75, 0.77, 0.72, 0.76, 0.73, 0.74, 0.75, 0.82, 0.78, 0.71,<class 'river.naive_bayes.gaussian.GaussianNB'>
LED_abrubt_constant_delay_lfs_0.1_0_20000,"{'threshold': '1', 'train_period': '0', 'classifier': ""<class 'river.naive_bayes.gaussian.GaussianNB'>""}",2023-05-18 22:54:39,lfs,0.1,1.0,50,100,0.0,0.0,0.0,0.0,0.0,0.0,0.0,0.0,0.0,0.0,0.0,0.0,0.0,0.0,0.0,0.0,0.0,0.0,0.0,0.0,0.0,0.0,0.0,0.0,0.0,0.0,0.0,0.0,0.0,0.0,0.0,0.0,0.0,0.0,0.0,0.0,0.0,0.0,0.0,0.0,0.0,0.0,0.0,0.0,0.0,0.0,0.0,0.0,0.0,0.0,0.0,0.6782584581253467,0.0,0.14,0.23,0.36,0.58,0.63,0.57,0.63,0.79,0.73,0.81,0.68,0.81,0.68,0.83,0.81,0.76,0.77,0.74,0.8,0.81,0.7,0.78,0.79,0.74,0.74,0.8,0.67,0.79,0.78,0.8,0.77,0.83,0.74,0.58,0.5,0.5,0.54,0.56,0.54,0.51,0.61,0.59,0.56,0.62,0.53,0.59,0.56,0.64,0.64,0.46,0.54,0.58,0.46,0.47,0.61,0.59,0.63,0.59,0.59,0.6,0.54,0.61,0.6,0.69,0.67,0.68,0.62,0.68,0.7,0.72,0.64,0.68,0.63,0.66,0.64,0.79,0.74,0.76,0.79,0.64,0.71,0.68,0.74,0.72,0.75,0.69,0.81,0.78,0.76,0.78,0.78,0.78,0.69,0.73,0.77,0.77,0.77,0.74,0.72, 0.73, 0.75, 0.57, 0.47, 0.51, 0.58, 0.61, 0.52, 0.56, 0.55, 0.66, 0.56, 0.65, 0.66, 0.64, 0.67, 0.65, 0.61, 0.6, 0.61, 0.7, 0.61, 0.62, 0.67, 0.59, 0.65, 0.71, 0.62, 0.59, 0.68, 0.67, 0.72, 0.76, 0.75, 0.74, 0.75, 0.74, 0.71, 0.7, 0.72, 0.69, 0.77, 0.69, 0.73, 0.77, 0.68, 0.72, 0.75, 0.66, 0.79, 0.7, 0.76, 0.75, 0.75, 0.72, 0.75, 0.75, 0.76, 0.72, 0.77, 0.75, 0.67, 0.72, 0.79, 0.8, 0.76, 0.74, 0.76, 0.63, 0.77, 0.69, 0.75, 0.76, 0.8, 0.73, 0.79, 0.75, 0.7, 0.78, 0.8, 0.73, , , , , , , , , , , , , , , , , , , ,<class 'river.naive_bayes.gaussian.GaussianNB'>
LED_abrubt_constant_delay_lfs_0.2_0_20000,"{'threshold': '1', 'train_period': '0', 'classifier': ""<class 'river.naive_bayes.gaussian.GaussianNB'>""}",2023-05-18 23:20:49,lfs,0.2,1.0,50,100,0.0,0.0,0.0,0.0,0.0,0.0,0.0,0.0,0.0,0.0,0.0,0.0,0.0,0.0,0.0,0.0,0.0,0.0,0.0,0.0,0.0,0.0,0.0,0.0,0.0,0.0,0.0,0.0,0.0,0.0,0.0,0.0,0.0,0.0,0.0,0.0,0.0,0.0,0.0,0.0,0.0,0.0,0.0,0.0,0.0,0.0,0.0,0.0,0.0,0.0,0.0,0.6772211423913725,0.144927536231884,0.21,0.19,0.5,0.55,0.55,0.69,0.75,0.78,0.67,0.83,0.71,0.83,0.79,0.71,0.78,0.76,0.79,0.72,0.74,0.69,0.8,0.73,0.73,0.71,0.78,0.81,0.82,0.78,0.78,0.49,0.42,0.53,0.55,0.51,0.55,0.56,0.6,0.58,0.63,0.61,0.57,0.56,0.55,0.58,0.55,0.52,0.47,0.58,0.59,0.63,0.58,0.6,0.54,0.59,0.63,0.67,0.62,0.69,0.69,0.72,0.73,0.67,0.66,0.64,0.71,0.77,0.74,0.69,0.76,0.72,0.69,0.73,0.69,0.78,0.71,0.83,0.78,0.81,0.76,0.76,0.76,0.72,0.74,0.79,0.77,0.73,0.72,0.77,0.7,0.51,0.51,0.55,0.62,0.5,0.51,0.64,0.62,0.64,0.65, 0.64, 0.63, 0.68, 0.64, 0.61, 0.66, 0.66, 0.54, 0.66, 0.62, 0.61, 0.7, 0.63, 0.64, 0.72, 0.65, 0.8, 0.75, 0.69, 0.72, 0.76, 0.73, 0.69, 0.71, 0.79, 0.77, 0.74, 0.7, 0.73, 0.74, 0.66, 0.8, 0.7, 0.77, 0.78, 0.7, 0.76, 0.71, 0.73, 0.79, 0.77, 0.72, 0.67, 0.7, 0.86, 0.77, 0.75, 0.75, 0.64, 0.77, 0.66, 0.78, 0.73, 0.72, 0.75, 0.74, 0.76, 0.77, 0.78, , , , , , , , , , , , , , , , , , , , , , , , , , , , , , , , , , , , , , , , , ,<class 'river.naive_bayes.gaussian.GaussianNB'>
LED_abrubt_constant_delay_lfs_0.5_0_20000,"{'threshold': '1', 'train_period': '0', 'classifier': ""<class 'river.naive_bayes.gaussian.GaussianNB'>""}",2023-05-18 23:40:02,lfs,0.5,1.0,50,100,0.0,0.0,0.0,0.0,0.0,0.0,0.0,0.0,0.0,0.0,0.0,0.0,0.0,0.0,0.0,0.0,0.0,0.0,0.0,0.0,0.0,0.0,0.0,0.0,0.0,0.0,0.0,0.0,0.0,0.0,0.0,0.0,0.0,0.0,0.0,0.0,0.0,0.0,0.0,0.0,0.0,0.0,0.0,0.0,0.0,0.0,0.0,0.0,0.0,0.0,0.0,0.6703451043338684,0.0967741935483871,0.1,0.31,0.4,0.61,0.72,0.71,0.77,0.76,0.76,0.77,0.78,0.78,0.72,0.8,0.78,0.74,0.79,0.88,0.73,0.44,0.46,0.51,0.55,0.58,0.57,0.58,0.55,0.52,0.6,0.51,0.57,0.59,0.66,0.61,0.71,0.64,0.67,0.73,0.74,0.65,0.65,0.79,0.66,0.71,0.69,0.67,0.74,0.76,0.73,0.81,0.77,0.72,0.71,0.78,0.68,0.77,0.44,0.54,0.49,0.49,0.55,0.65,0.69,0.64,0.65,0.67,0.65,0.65,0.66,0.58,0.58,0.72,0.73,0.77,0.7,0.69,0.74,0.79,0.76,0.72,0.77,0.71,0.74,0.73,0.72,0.78,0.72,0.81,0.64,0.77,0.73,0.7,0.77,0.68,0.73,0.75,0.74,0.72,0.73, , , , , , , , , , , , , , , , , , , , , , , , , , , , , , , , , , , , , , , , , , , , , , , , , , , , , , , , , , , , , , , , , , , , , , , , , , , , , , , , , , , , , , , , , , , , , , , , , , , , ,<class 'river.naive_bayes.gaussian.GaussianNB'>
LED_abrubt_constant_delay_ssl_0.1_0_20000,"{'threshold': '1', 'train_period': '0', 'classifier': ""<class 'river.naive_bayes.gaussian.GaussianNB'>""}",2023-05-19 04:21:57,ssl,0.1,1.0,50,100,0.6423554424997152,0.6413394398978902,0.6412033511043412,0.6422647768395657,0.6425081433224755,0.6426976672569097,0.6443782917334555,0.6441574137019412,0.6454635484116706,0.6498092950981778,0.6457180071637902,0.6503894547633313,0.6545871559633027,0.6485880770954728,0.6567208712516783,0.653810480754367,0.6572170856575227,0.6577524038461539,0.6618173509025821,0.6612720848056537,0.6599934895833334,0.6661394788371743,0.6674017185004942,0.6618364742097755,0.6675269372217563,0.6698147808545755,0.665295238095238,0.6713375796178344,0.6723479058391929,0.669149464425055,0.6706911919617535,0.6734219019740298,0.6734258271077909,0.6736691514193208,0.6740625693365875,0.6761288310067847,0.6728320194057005,0.6788458640952237,0.6777625778993768,0.6767189384800965,0.6794882176694469,0.6772014113054575,0.6779609045611346,0.6803309514855209,0.6805187150014737,0.6797678916827853,0.6824024483550115,0.6802761933353347,0.6841904761904762,0.6779603971503898,0.6821192052980133,0.6776662414730187,0.0,0.07,0.23,0.35,0.57,0.65,0.57,0.63,0.79,0.73,0.81,0.69,0.8,0.68,0.82,0.82,0.76,0.77,0.72,0.78,0.8,0.71,0.79,0.78,0.75,0.73,0.81,0.67,0.78,0.78,0.8,0.77,0.83,0.74,0.58,0.5,0.5,0.54,0.56,0.55,0.51,0.61,0.59,0.57,0.62,0.53,0.59,0.56,0.64,0.64,0.46,0.54,0.58,0.46,0.47,0.62,0.58,0.63,0.59,0.59,0.6,0.54,0.61,0.6,0.69,0.67,0.68,0.62,0.69,0.7,0.72,0.64,0.68,0.63,0.66,0.64,0.79,0.74,0.76,0.79,0.64,0.71,0.68,0.74,0.72,0.75,0.7,0.81,0.78,0.76,0.78,0.78,0.78,0.69,0.73,0.77,0.77,0.77,0.74,0.72, 0.73, 0.74, 0.57, 0.47, 0.51, 0.57, 0.61, 0.52, 0.56, 0.55, 0.66, 0.56, 0.64, 0.66, 0.64, 0.67, 0.65, 0.61, 0.6, 0.61, 0.7, 0.61, 0.62, 0.67, 0.59, 0.65, 0.71, 0.62, 0.59, 0.68, 0.67, 0.72, 0.76, 0.75, 0.74, 0.75, 0.74, 0.71, 0.7, 0.72, 0.69, 0.77, 0.69, 0.73, 0.77, 0.68, 0.72, 0.75, 0.66, 0.79, 0.7, 0.76, 0.75, 0.75, 0.72, 0.75, 0.75, 0.76, 0.72, 0.77, 0.75, 0.67, 0.72, 0.79, 0.8, 0.76, 0.74, 0.76, 0.63, 0.77, 0.69, 0.75, 0.76, 0.8, 0.73, 0.79, 0.75, 0.7, 0.77, 0.8, 0.74, , , , , , , , , , , , , , , , , , , ,<class 'river.naive_bayes.gaussian.GaussianNB'>
LED_abrubt_constant_delay_ssl_0.2_0_20000,"{'threshold': '1', 'train_period': '0', 'classifier': ""<class 'river.naive_bayes.gaussian.GaussianNB'>""}",2023-05-19 06:58:01,ssl,0.2,1.0,50,100,0.6424190493370614,0.6418269230769231,0.6408163265306123,0.6489086859688196,0.6442324523017678,0.6489901318823204,0.6461608359836438,0.6527654277076294,0.6477685050798259,0.6469855505729946,0.653412985995495,0.6521197007481296,0.6504476802025866,0.6493668628500089,0.6544181977252843,0.6528994191942472,0.6491371480472298,0.6580306267806267,0.653033463317312,0.6568529607451763,0.6554391461862332,0.6598597176595934,0.6580545734747529,0.6623992837958819,0.6630329996292177,0.6646713349898351,0.6634834015461574,0.6624129930394431,0.6669372294372294,0.6635319573901465,0.6677428823011446,0.666131048027138,0.672243827439631,0.6665176575771122,0.6701210485064879,0.676857513433389,0.6694446960775433,0.6734330484330484,0.6764679272595675,0.6762943232894956,0.6757495849204024,0.67827484596839,0.6832264474753862,0.6796064400715564,0.6814182420071435,0.6792400370713624,0.6835294117647058,0.6800892857142857,0.6840915257303066,0.6774480523606786,0.6885245901639344,0.67717868338558,0.144927536231884,0.21,0.19,0.5,0.55,0.55,0.69,0.75,0.78,0.67,0.83,0.71,0.83,0.79,0.71,0.78,0.76,0.79,0.72,0.74,0.69,0.8,0.73,0.73,0.71,0.78,0.81,0.82,0.78,0.78,0.49,0.42,0.53,0.55,0.51,0.55,0.56,0.6,0.58,0.63,0.61,0.57,0.56,0.55,0.58,0.55,0.52,0.47,0.58,0.59,0.63,0.58,0.6,0.54,0.59,0.63,0.67,0.62,0.69,0.69,0.72,0.73,0.67,0.66,0.64,0.71,0.77,0.74,0.69,0.76,0.72,0.69,0.73,0.69,0.78,0.71,0.83,0.78,0.81,0.76,0.76,0.76,0.72,0.74,0.79,0.77,0.73,0.72,0.77,0.7,0.51,0.51,0.55,0.62,0.5,0.51,0.64,0.62,0.64,0.65, 0.64, 0.63, 0.68, 0.64, 0.61, 0.66, 0.66, 0.54, 0.66, 0.62, 0.61, 0.7, 0.63, 0.64, 0.72, 0.65, 0.8, 0.75, 0.69, 0.72, 0.76, 0.73, 0.69, 0.71, 0.79, 0.77, 0.74, 0.7, 0.73, 0.74, 0.66, 0.8, 0.7, 0.77, 0.78, 0.7, 0.76, 0.71, 0.73, 0.79, 0.77, 0.72, 0.67, 0.7, 0.86, 0.77, 0.75, 0.75, 0.64, 0.77, 0.66, 0.78, 0.73, 0.72, 0.75, 0.74, 0.76, 0.77, 0.78, , , , , , , , , , , , , , , , , , , , , , , , , , , , , , , , , , , , , , , , , ,<class 'river.naive_bayes.gaussian.GaussianNB'>
LED_abrubt_constant_delay_ssl_0.5_0_20000,"{'threshold': '1', 'train_period': '0', 'classifier': ""<class 'river.naive_bayes.gaussian.GaussianNB'>""}",2023-05-19 11:19:33,ssl,0.5,1.0,50,100,0.6364701288559157,0.6310068649885584,0.6325802615933412,0.6311975591151793,0.6342584083808124,0.6391625615763546,0.6333333333333333,0.6379737192915635,0.6363996827914353,0.6403031800955676,0.6312649164677804,0.645392749244713,0.6398322013583699,0.6346884498480243,0.6476348854397634,0.6398931799506984,0.6493328100470958,0.6410453497309762,0.647,0.6482691051600261,0.648112756808409,0.6496948893974066,0.6563056820431598,0.6481973434535104,0.6548982616897993,0.6593716907871514,0.6501284838900968,0.6575446598251615,0.6566660043711504,0.6606050586873864,0.6500821403426426,0.6612934177701018,0.6559182855998398,0.6617674769172791,0.6658144631117604,0.6652789342214821,0.6613892736987927,0.6630247268545141,0.6707964601769911,0.6687592929126053,0.6657156443176415,0.6667935299714558,0.672420634920635,0.6697950584179276,0.677007299270073,0.6691495965238982,0.6711702761772302,0.6752900894046033,0.6779256904430757,0.668849104859335,0.6736842105263158,0.6687731969104224,0.1290322580645161,0.11,0.27,0.35,0.57,0.68,0.71,0.73,0.76,0.75,0.73,0.77,0.74,0.76,0.79,0.77,0.73,0.79,0.85,0.72,0.47,0.46,0.52,0.54,0.54,0.55,0.59,0.55,0.52,0.6,0.51,0.57,0.59,0.66,0.61,0.72,0.64,0.67,0.74,0.74,0.65,0.65,0.79,0.66,0.73,0.69,0.69,0.75,0.77,0.74,0.81,0.77,0.73,0.72,0.79,0.7,0.79,0.49,0.55,0.48,0.49,0.54,0.65,0.69,0.64,0.65,0.67,0.65,0.65,0.66,0.58,0.58,0.72,0.72,0.77,0.7,0.69,0.74,0.79,0.76,0.72,0.77,0.71,0.74,0.73,0.72,0.78,0.72,0.81,0.64,0.77,0.73,0.7,0.77,0.68,0.73,0.75,0.74,0.72,0.73, , , , , , , , , , , , , , , , , , , , , , , , , , , , , , , , , , , , , , , , , , , , , , , , , , , , , , , , , , , , , , , , , , , , , , , , , , , , , , , , , , , , , , , , , , , , , , , , , , , , ,<class 'river.naive_bayes.gaussian.GaussianNB'>
LED_abrubt_0_20000_constant_delay_ssl_0.9_0_20000,"{'threshold': '0.7', 'train_period': '0', 'classifier': ""<class 'river.naive_bayes.gaussian.GaussianNB'>""}",14-Jul-23 01:56:13,ssl,0.9,0.7,50,100,0.2259221311475409,0.0,0.0,0.0,0.0,0.0,0.0,0.0,0.1,0.2467532467532467,0.2309859154929577,0.0,0.0,0.2276995305164319,0.0,0.1,0.0,0.2291666666666666,0.0,0.0,0.2309859154929577,0.0,0.1,0.0,0.0,0.2325102880658436,0.0,0.0,0.0,0.1,0.2366197183098591,0.0,0.0,0.0,0.231060606060606,0.0,0.1,0.0,0.2511737089201878,0.0,0.2394366197183098,0.0,0.2467532467532467,0.1,0.0,0.0,0.0,0.0,0.0,0.0,0.0,0.235655737704918,0.0793650793650793,0.08,0.38,0.48,0.25,0.25,0.25,0.24,0.22,0.36,0.32,0.22,0.2,0.17,0.19,0.18,0.12,0.22,0.21, , , , , , , , , , , , , , , , , , , , , , , , , , , , , , , , , , , , , , , , , , , , , , , , , , , , , , , , , , , , , , , , , , , , , , , , , , , , , , , , , , , , , , , , , , , , , , , , , , , , , , , , , , , , , , , , , , , , , , , , , , , , , , , , , , , , , , , , , , , , , , , , , , , , , , , , , , , , , , , , , , , , , , , , , , , , , , , , , , , , , ,<class 'river.naive_bayes.gaussian.GaussianNB'>
LED_abrubt_0_20000_constant_delay_ssl_0.4_0_20000,"{'threshold': '0.7', 'train_period': '0', 'classifier': ""<class 'river.naive_bayes.gaussian.GaussianNB'>""}",14-Jul-23 11:54:24,ssl,0.4,0.7,50,100,0.4053150593347819,0.0,0.3909270216962525,0.4018108023727755,0.3932367149758454,0.4070772555375472,0.3966233047329089,0.4047904191616766,0.3952333664349553,0.4138672399892502,0.3969481180061037,0.3930041152263374,0.4071098125152179,0.4097625329815303,0.4020722769775082,0.409346709077563,0.3992628992628992,0.411672278338945,0.3976710334788937,0.4124293785310734,0.4049888460758467,0.4198830409356725,0.4046964776417687,0.4148710166919575,0.4129895884977689,0.4232106635757751,0.3919413919413919,0.4219094922737307,0.4121457489878543,0.4172001113275814,0.4159002656856734,0.425278524779101,0.4146835443037974,0.4241322314049587,0.4176772867420349,0.4257200606366852,0.420384047267356,0.4279672963067381,0.4209523809523809,0.4365701920476061,0.4157208911307272,0.425976034016235,0.4306463326071169,0.4306246545052515,0.4189333333333333,0.4338354577056779,0.4246666666666667,0.427882037533512,0.429836700802657,0.4352941176470588,0.0,0.4281297008189871,0.0833333333333333,0.1,0.19,0.39,0.52,0.59,0.61,0.73,0.71,0.67,0.71,0.66,0.64,0.67,0.65,0.63,0.65,0.71,0.55,0.64,0.71,0.68,0.69,0.33,0.34,0.34,0.36,0.38,0.29,0.37,0.27,0.28,0.48,0.43,0.32,0.37,0.46,0.39,0.48,0.53,0.45,0.42,0.51,0.56,0.55,0.5,0.58,0.39,0.57,0.47,0.49,0.59,0.47,0.51,0.44,0.36,0.51,0.44,0.45,0.52,0.52,0.51,0.5,0.51,0.63,0.54,0.47,0.51,0.38,0.27,0.3,0.27,0.32,0.31,0.2,0.27,0.26,0.26,0.3,0.25,0.31,0.24,0.25,0.26,0.29,0.21,0.3,0.34,0.3,0.35,0.35,0.33,0.34,0.28,0.36,0.28,0.39,0.39,0.32,0.37,0.33,0.4,0.37,0.37,0.33,0.39,0.37,0.39,0.43,0.5,0.44,0.29,0.42,0.35,0.38,0.47,0.46,0.31,0.37, 0.45, , , , , , , , , , , , , , , , , , , , , , , , , , , , , , , , , , , , , , , , , , , , , , , , , , , , , , , , , , , , , , , , , , , , , , , , , , , , , , , , ,<class 'river.naive_bayes.gaussian.GaussianNB'>
LED_abrupt_0_20000_constant_delay_ssl_0.9_0_20000,"{'threshold': '0.7', 'train_period': '0', 'classifier': ""<class 'river.naive_bayes.gaussian.GaussianNB'>""}",26-Jul-23 13:03:47,ssl,0.9,0.7,50,100,0.254679802955665,0.254679802955665,0.254679802955665,0.254679802955665,0.254679802955665,0.254679802955665,0.254679802955665,0.254679802955665,0.254679802955665,0.254679802955665,0.254679802955665,0.254679802955665,0.254679802955665,0.2551724137931034,0.2551724137931034,0.2551724137931034,0.2551724137931034,0.2556650246305418,0.2556650246305418,0.2556650246305418,0.2566502463054187,0.2566502463054187,0.2571428571428571,0.2571428571428571,0.2571428571428571,0.2586206896551724,0.2586206896551724,0.2586206896551724,0.2586206896551724,0.2586206896551724,0.2596059113300493,0.2596059113300493,0.2596059113300493,0.2596059113300493,0.264039408866995,0.264039408866995,0.264039408866995,0.264039408866995,0.2660098522167488,0.2660098522167488,0.2669950738916256,0.2669950738916256,0.2684729064039409,0.2684729064039409,0.2684729064039409,0.2684729064039409,0.2684729064039409,0.2684729064039409,0.2684729064039409,0.2684729064039409,0.2684729064039409,0.2719211822660098,0.0,0.08,0.22,0.32,0.37,0.24,0.21,0.27,0.32,0.44,0.44,0.32,0.28,0.24,0.29,0.23,0.23,0.2,0.25,0.25, 0.28, , , , , , , , , , , , , , , , , , , , , , , , , , , , , , , , , , , , , , , , , , , , , , , , , , , , , , , , , , , , , , , , , , , , , , , , , , , , , , , , , , , , , , , , , , , , , , , , , , , , , , , , , , , , , , , , , , , , , , , , , , , , , , , , , , , , , , , , , , , , , , , , , , , , , , , , , , , , , , , , , , , , , , , , , , , , , , , , , , , ,<class 'river.naive_bayes.gaussian.GaussianNB'>
LED_abrupt_0_20000_constant_delay_ssl_0.4_0_20000,"{'threshold': '0.7', 'train_period': '0', 'classifier': ""<class 'river.naive_bayes.gaussian.GaussianNB'>""}",26-Jul-23 17:05:53,ssl,0.4,0.7,50,100,0.3401141156040684,0.3401141156040684,0.3398660382039196,0.3399487306706359,0.3398660382039196,0.3393698834036219,0.3393698834036219,0.3392871909369056,0.3396179608037707,0.3397833457372033,0.3404448854709336,0.3406102704043661,0.340858347804515,0.3416852724716778,0.3422641197386918,0.3430083519391383,0.3436698916728686,0.3445795088067477,0.3454891259406268,0.3463987430745059,0.3476391300752501,0.3477218225419664,0.3479698999421152,0.3487141321425618,0.3497064417431572,0.349954519143306,0.3500372116100223,0.3502852890101712,0.3508641362771851,0.351112213677334,0.3508641362771851,0.3508641362771851,0.3510295212106177,0.351691060944348,0.3522699082113619,0.3535929876788224,0.3540064500124039,0.3541718349458364,0.3542545274125527,0.354916067146283,0.3553295294798644,0.3551641445464318,0.3559083767468783,0.3564872240138923,0.3571487637476226,0.3573141486810551,0.3580583808815017,0.3579756884147854,0.3585545356817994,0.3588026130819482,0.3588026130819482,0.3593814603489622,0.074074074074074,0.17,0.36,0.35,0.45,0.59,0.54,0.63,0.56,0.57,0.53,0.52,0.64,0.64,0.64,0.5,0.53,0.5,0.58,0.55, 0.61, 0.54, 0.51, 0.34, 0.27, 0.36, 0.38, 0.29, 0.26, 0.33, 0.36, 0.37, 0.47, 0.38, 0.4, 0.45, 0.39, 0.41, 0.38, 0.41, 0.36, 0.38, 0.42, 0.49, 0.39, 0.43, 0.4, 0.4, 0.45, 0.5, 0.42, 0.41, 0.43, 0.39, 0.32, 0.47, 0.42, 0.41, 0.43, 0.36, 0.49, 0.42, 0.38, 0.42, 0.47, 0.38, 0.5, 0.4, 0.25, 0.17, 0.19, 0.24, 0.18, 0.28, 0.18, 0.18, 0.28, 0.23, 0.15, 0.2, 0.2, 0.2, 0.22, 0.31, 0.21, 0.19, 0.21, 0.2, 0.28, 0.2, 0.23, 0.21, 0.22, 0.28, 0.25, 0.22, 0.31, 0.23, 0.28, 0.28, 0.25, 0.3, 0.34, 0.35, 0.33, 0.31, 0.32, 0.29, 0.29, 0.37, 0.38, 0.27, 0.35, 0.36, 0.25, 0.32, 0.34, 0.35, 0.24, 0.3, 0.3, , , , , , , , , , , , , , , , , , , , , , , , , , , , , , , , , , , , , , , , , , , , , , , , , , , , , , , , , , , , , , , , , , , , , , , , , , , , , , , ,<class 'river.naive_bayes.gaussian.GaussianNB'>
LED_abrupt_0_20000_constant_delay_ssl_0.4_0_20000,"{'threshold': '1', 'train_period': '0', 'classifier': ""<class 'river.naive_bayes.gaussian.GaussianNB'>""}",01-Aug-23 00:02:00,ssl,0.4,1,50,100,0.6295437608677652,0.6295437608677652,0.6297093649085038,0.6296265628881345,0.6308685931936739,0.6316138113769976,0.6323590295603213,0.6327730396621678,0.63368386188623,0.634263476028815,0.6348430901714002,0.6353399022936159,0.6358367144158318,0.6364991305787862,0.6374927548232177,0.6386519831083879,0.6389003891694958,0.6395628053324501,0.6400596174546659,0.640639231597251,0.6419640639231597,0.6419640639231597,0.6421296679638984,0.642874886147222,0.6446965305953465,0.645938560900886,0.6461041649416246,0.6469321851453176,0.6473461952471641,0.6480086114101185,0.6493334437360272,0.6499958598989816,0.6514034942452596,0.6518175043471061,0.6523971184896912,0.6536391487952306,0.6546327730396622,0.6552123871822473,0.6555435952637244,0.6560404073859403,0.6563716154674174,0.6567028235488946,0.6571996356711104,0.6581932599155419,0.6584416659766499,0.6589384780988656,0.6599321023432971,0.6611741326488366,0.6615053407303139,0.6616709447710524,0.6616709447710524,0.6631613811376997,0.0655737704918032,0.11,0.26,0.43,0.57,0.61,0.67,0.65,0.71,0.77,0.71,0.66,0.73,0.76,0.71,0.72,0.8,0.77,0.67,0.75,0.78,0.8,0.63,0.51,0.43,0.6,0.54,0.56,0.54,0.57,0.59,0.58,0.6,0.55,0.52,0.54,0.56,0.55,0.73,0.59,0.54,0.56,0.68,0.63,0.65,0.69,0.73,0.75,0.67,0.68,0.6,0.77,0.73,0.7,0.68,0.69,0.71,0.73,0.74,0.83,0.77,0.75,0.7,0.78,0.72,0.74,0.7,0.73,0.43,0.49,0.51,0.47,0.58,0.57,0.62,0.66,0.59,0.6,0.63,0.64,0.67,0.6,0.71,0.64,0.65,0.65,0.7,0.69,0.73,0.77,0.73,0.73,0.77,0.7,0.71,0.74,0.78,0.68,0.77,0.79,0.69,0.75,0.68,0.73,0.75,0.7,0.78,0.68,0.7,0.81,0.74,0.73,0.65,0.75,0.71,0.75,0.76,0.81,0.73,0.77, 0.8, , , , , , , , , , , , , , , , , , , , , , , , , , , , , , , , , , , , , , , , , , , , , , , , , , , , , , , , , , , , , , , , , , , , , , , , , , , , , , , ,<class 'river.naive_bayes.gaussian.GaussianNB'>
LED_abrupt_0_20000_constant_delay_ssl_0.4_0_20000,"{'threshold': '0.9', 'train_period': '0', 'classifier': ""<class 'river.naive_bayes.gaussian.GaussianNB'>""}",01-Aug-23 00:41:56,ssl,0.4,0.9,50,100,0.3975324997929949,0.3975324997929949,0.3976981038337335,0.3974496977726257,0.3973668957522563,0.3974496977726257,0.3973668957522563,0.3974496977726257,0.3979465098948414,0.3985261240374265,0.3987745300985344,0.3991885402003809,0.3996025503022273,0.3999337583837045,0.4004305705059203,0.4005961745466589,0.4018382048521984,0.4025006210151527,0.403411443239215,0.4034942452595843,0.404239463442908,0.405067483646601,0.405647097789186,0.4061439099114018,0.4071375341558334,0.408131158400265,0.4085451685021115,0.4092075846650658,0.4100356048687588,0.4108636250724518,0.4120228533576219,0.4126852695205763,0.4130992796224227,0.4135960917446385,0.4141757058872236,0.4147553200298087,0.4155833402335017,0.4158317462946095,0.4163285584168253,0.4169909745797797,0.4174049846816262,0.4175705887223648,0.4180674008445806,0.4189782230686428,0.4190610250890121,0.4203858574149209,0.4207998675167674,0.4212966796389832,0.4217934917611989,0.4217934917611989,0.4217934917611989,0.4226215119648919,0.0684931506849315,0.14,0.27,0.41,0.57,0.52,0.66,0.57,0.63,0.7,0.57,0.61,0.63,0.6,0.62,0.58,0.66,0.65,0.53,0.62,0.61,0.6,0.42,0.4,0.3,0.37,0.41,0.41,0.4,0.5,0.5,0.45,0.43,0.37,0.39,0.41,0.52,0.45,0.51,0.47,0.42,0.45,0.52,0.51,0.48,0.52,0.54,0.55,0.55,0.51,0.43,0.63,0.52,0.5,0.48,0.43,0.46,0.42,0.58,0.51,0.5,0.63,0.46,0.46,0.55,0.43,0.51,0.51,0.23,0.22,0.29,0.19,0.23,0.19,0.28,0.24,0.25,0.17,0.26,0.23,0.21,0.21,0.29,0.3,0.26,0.32,0.28,0.23,0.35,0.32,0.31,0.32,0.32,0.41,0.29,0.42,0.42,0.36,0.36,0.27,0.36,0.36,0.32,0.36,0.41,0.37,0.32,0.42,0.4,0.39,0.43,0.32,0.41,0.42,0.37,0.38,0.53,0.52,0.39,0.39, 0.56, , , , , , , , , , , , , , , , , , , , , , , , , , , , , , , , , , , , , , , , , , , , , , , , , , , , , , , , , , , , , , , , , , , , , , , , , , , , , , , ,<class 'river.naive_bayes.gaussian.GaussianNB'>
LED_abrupt_0_20000_constant_delay_ssl_0.4_0_20000,"{'threshold': '0.5', 'train_period': '0', 'classifier': ""<class 'river.naive_bayes.gaussian.GaussianNB'>""}",01-Aug-23 01:22:04,ssl,0.4,0.5,50,100,0.3491761198973255,0.3491761198973255,0.349341723938064,0.3490933178769562,0.3489277138362176,0.3485965057547404,0.3485965057547404,0.3486793077751097,0.3486793077751097,0.3490105158565869,0.3495073279788027,0.349590129999172,0.350169744141757,0.3503353481824957,0.3508321603047114,0.3514117744472965,0.3520741906102509,0.3521569926306201,0.3521569926306201,0.3527366067732053,0.3533162209157903,0.3533162209157903,0.3539786370787447,0.3543926471805912,0.3552206673842841,0.3554690734453921,0.3555518754657614,0.3563798956694543,0.3567111037509315,0.3572907178935166,0.3577875300157324,0.3582015401175789,0.358532748199056,0.3586155502194253,0.3594435704231183,0.3599403825453341,0.3601059865860727,0.3605199966879192,0.3608512047693963,0.3612652148712428,0.3617620269934586,0.3618448290138279,0.3620104330545665,0.3627556512378902,0.3626728492175209,0.3631696613397367,0.3631696613397367,0.3637492754823218,0.3642460876045375,0.364660097706384,0.364660097706384,0.3653225138693384,0.0588235294117647,0.17,0.24,0.38,0.55,0.54,0.57,0.5,0.46,0.67,0.49,0.5,0.57,0.54,0.51,0.49,0.57,0.53,0.54,0.55,0.54,0.52,0.36,0.42,0.34,0.31,0.41,0.31,0.37,0.35,0.42,0.35,0.36,0.35,0.31,0.34,0.4,0.39,0.41,0.37,0.33,0.32,0.4,0.39,0.36,0.45,0.45,0.47,0.47,0.44,0.38,0.43,0.46,0.44,0.36,0.38,0.42,0.45,0.48,0.43,0.42,0.52,0.45,0.41,0.47,0.45,0.46,0.43,0.2,0.24,0.27,0.25,0.24,0.3,0.19,0.2,0.23,0.16,0.25,0.24,0.23,0.3,0.23,0.29,0.31,0.29,0.23,0.21,0.3,0.29,0.27,0.28,0.29,0.27,0.33,0.21,0.37,0.3,0.34,0.29,0.28,0.3,0.25,0.38,0.29,0.27,0.34,0.31,0.27,0.25,0.4,0.26,0.34,0.28,0.31,0.4,0.47,0.4,0.31,0.27, , , , , , , , , , , , , , , , , , , , , , , , , , , , , , , , , , , , , , , , , , , , , , , , , , , , , , , , , , , , , , , , , , , , , , , , , , , , , , , , ,<class 'river.naive_bayes.gaussian.GaussianNB'>
